[INFO] Scanning for projects...
[INFO] 
[INFO] ----------------------< com.hospital:blood-plus >-----------------------
[INFO] Building  0.0.1-SNAPSHOT
[INFO]   from pom.xml
[INFO] --------------------------------[ jar ]---------------------------------
[INFO] 
[INFO] >>> spring-boot:4.0.5:run (default-cli) > test-compile @ blood-plus >>>
[INFO] 
[INFO] --- resources:3.3.1:resources (default-resources) @ blood-plus ---
[INFO] Copying 1 resource from src\main\resources to target\classes
[INFO] Copying 24 resources from src\main\resources to target\classes
[INFO] 
[INFO] --- compiler:3.14.1:compile (default-compile) @ blood-plus ---
[INFO] Nothing to compile - all classes are up to date.
[INFO] 
[INFO] --- resources:3.3.1:testResources (default-testResources) @ blood-plus ---
[INFO] skip non existing resourceDirectory C:\Users\Aundray\Desktop\Project\blood-plus\src\test\resources
[INFO] 
[INFO] --- compiler:3.14.1:testCompile (default-testCompile) @ blood-plus ---
[INFO] Nothing to compile - all classes are up to date.
[INFO] 
[INFO] <<< spring-boot:4.0.5:run (default-cli) < test-compile @ blood-plus <<<
[INFO] 
[INFO] 
[INFO] --- spring-boot:4.0.5:run (default-cli) @ blood-plus ---
[INFO] Attaching agents: []

  .   ____          _            __ _ _
 /\\ / ___'_ __ _ _(_)_ __  __ _ \ \ \ \
( ( )\___ | '_ | '_| | '_ \/ _` | \ \ \ \
 \\/  ___)| |_)| | | | | || (_| |  ) ) ) )
  '  |____| .__|_| |_|_| |_\__, | / / / /
 =========|_|==============|___/=/_/_/_/

 :: Spring Boot ::                (v4.0.5)

2026-05-29T13:13:28.894+08:00  INFO 5068 --- [blood_plus] [           main] c.h.blood_plus.BloodPlusApplication      : Starting BloodPlusApplication using Java 23.0.1 with PID 5068 (C:\Users\Aundray\Desktop\Project\blood-plus\target\classes started by Aundray in C:\Users\Aundray\Desktop\Project\blood-plus)
2026-05-29T13:13:28.898+08:00  INFO 5068 --- [blood_plus] [           main] c.h.blood_plus.BloodPlusApplication      : No active profile set, falling back to 1 default profile: "default"
2026-05-29T13:13:28.899+08:00 DEBUG 5068 --- [blood_plus] [           main] o.s.boot.SpringApplication               : Loading source class com.hospital.blood_plus.BloodPlusApplication
2026-05-29T13:13:28.959+08:00 DEBUG 5068 --- [blood_plus] [           main] ConfigServletWebServerApplicationContext : Refreshing org.springframework.boot.web.server.servlet.context.AnnotationConfigServletWebServerApplicationContext@41709512
2026-05-29T13:13:29.755+08:00  INFO 5068 --- [blood_plus] [           main] .s.d.r.c.RepositoryConfigurationDelegate : Bootstrapping Spring Data JPA repositories in DEFAULT mode.
2026-05-29T13:13:29.781+08:00 DEBUG 5068 --- [blood_plus] [           main] o.s.b.a.AutoConfigurationPackages        : @EnableAutoConfiguration was declared on a class in the package 'com.hospital.blood_plus'. Automatic @Repository and @Entity scanning is enabled.
2026-05-29T13:13:29.852+08:00  INFO 5068 --- [blood_plus] [           main] .s.d.r.c.RepositoryConfigurationDelegate : Finished Spring Data repository scanning in 84 ms. Found 9 JPA repository interfaces.
2026-05-29T13:13:30.520+08:00 DEBUG 5068 --- [blood_plus] [           main] o.s.b.t.s.TomcatServletWebServerFactory  : Code archive: C:\Users\Aundray\.m2\repository\org\springframework\boot\spring-boot-web-server\4.0.5\spring-boot-web-server-4.0.5.jar
2026-05-29T13:13:30.521+08:00 DEBUG 5068 --- [blood_plus] [           main] o.s.b.t.s.TomcatServletWebServerFactory  : Code archive: C:\Users\Aundray\.m2\repository\org\springframework\boot\spring-boot-web-server\4.0.5\spring-boot-web-server-4.0.5.jar
2026-05-29T13:13:30.522+08:00 DEBUG 5068 --- [blood_plus] [           main] o.s.b.t.s.TomcatServletWebServerFactory  : None of the document roots [src/main/webapp, public, static] point to a directory and will be ignored.
2026-05-29T13:13:30.546+08:00  INFO 5068 --- [blood_plus] [           main] o.s.boot.tomcat.TomcatWebServer          : Tomcat initialized with port 0 (http)
2026-05-29T13:13:30.560+08:00  INFO 5068 --- [blood_plus] [           main] o.apache.catalina.core.StandardService   : Starting service [Tomcat]
2026-05-29T13:13:30.560+08:00  INFO 5068 --- [blood_plus] [           main] o.apache.catalina.core.StandardEngine    : Starting Servlet engine: [Apache Tomcat/11.0.20]
2026-05-29T13:13:30.610+08:00 DEBUG 5068 --- [blood_plus] [           main] b.w.c.s.WebApplicationContextInitializer : Published root WebApplicationContext as ServletContext attribute with name [org.springframework.web.context.WebApplicationContext.ROOT]
2026-05-29T13:13:30.611+08:00  INFO 5068 --- [blood_plus] [           main] b.w.c.s.WebApplicationContextInitializer : Root WebApplicationContext: initialization completed in 1652 ms
2026-05-29T13:13:30.648+08:00 DEBUG 5068 --- [blood_plus] [           main] o.s.b.w.s.ServletContextInitializerBeans : Mapping filters: springSecurityFilterChain urls=[/*] order=-100, characterEncodingFilter urls=[/*] order=-2147483648, formContentFilter urls=[/*] order=-9900, requestContextFilter urls=[/*] order=-105, redirectIfLoggedInFilter urls=[/*] order=2147483647
2026-05-29T13:13:30.649+08:00 DEBUG 5068 --- [blood_plus] [           main] o.s.b.w.s.ServletContextInitializerBeans : Mapping servlets: dispatcherServlet urls=[/]
2026-05-29T13:13:30.678+08:00 DEBUG 5068 --- [blood_plus] [           main] o.s.b.s.f.OrderedRequestContextFilter    : Filter 'requestContextFilter' configured for use
2026-05-29T13:13:30.680+08:00 DEBUG 5068 --- [blood_plus] [           main] o.s.b.s.f.OrderedCharacterEncodingFilter : Filter 'characterEncodingFilter' configured for use
2026-05-29T13:13:30.681+08:00 DEBUG 5068 --- [blood_plus] [           main] .DelegatingFilterProxyRegistrationBean$1 : Filter 'springSecurityFilterChain' configured for use
2026-05-29T13:13:30.681+08:00 DEBUG 5068 --- [blood_plus] [           main] o.s.b.s.filter.OrderedFormContentFilter  : Filter 'formContentFilter' configured for use
2026-05-29T13:13:30.904+08:00  INFO 5068 --- [blood_plus] [           main] org.hibernate.orm.jpa                    : HHH008540: Processing PersistenceUnitInfo [name: default]
2026-05-29T13:13:30.973+08:00  INFO 5068 --- [blood_plus] [           main] org.hibernate.orm.core                   : HHH000001: Hibernate ORM core version 7.2.7.Final
2026-05-29T13:13:31.503+08:00  INFO 5068 --- [blood_plus] [           main] o.s.o.j.p.SpringPersistenceUnitInfo      : No LoadTimeWeaver setup: ignoring JPA class transformer
2026-05-29T13:13:31.536+08:00  INFO 5068 --- [blood_plus] [           main] com.zaxxer.hikari.HikariDataSource       : HikariPool-1 - Starting...
2026-05-29T13:13:31.725+08:00  INFO 5068 --- [blood_plus] [           main] com.zaxxer.hikari.pool.HikariPool        : HikariPool-1 - Added connection com.mysql.cj.jdbc.ConnectionImpl@54f69311
2026-05-29T13:13:31.727+08:00  INFO 5068 --- [blood_plus] [           main] com.zaxxer.hikari.HikariDataSource       : HikariPool-1 - Start completed.
2026-05-29T13:13:31.854+08:00  INFO 5068 --- [blood_plus] [           main] org.hibernate.orm.connections.pooling    : HHH10001005: Database info:
	Database JDBC URL [jdbc:mysql://localhost:3306/bloodplus?useSSL=false&allowPublicKeyRetrieval=true&serverTimezone=UTC]
	Database driver: MySQL Connector/J
	Database dialect: MySQLDialect
	Database version: 8.0.43
	Default catalog/schema: bloodplus/undefined
	Autocommit mode: undefined/unknown
	Isolation level: REPEATABLE_READ [default REPEATABLE_READ]
	JDBC fetch size: none
	Pool: DataSourceConnectionProvider
	Minimum pool size: undefined/unknown
	Maximum pool size: undefined/unknown
2026-05-29T13:13:33.352+08:00  INFO 5068 --- [blood_plus] [           main] org.hibernate.orm.core                   : HHH000489: No JTA platform available (set 'hibernate.transaction.jta.platform' to enable JTA platform integration)
2026-05-29T13:13:33.416+08:00 DEBUG 5068 --- [blood_plus] [           main] org.hibernate.SQL                        : alter table request_status_logs modify column new_status enum ('ALLOCATED','APPROVED','CANCELLED','NEEDS_CONFIRMATION','PENDING','READY_FOR_RELEASE','REJECTED','RELEASED') not null
2026-05-29T13:13:33.426+08:00 DEBUG 5068 --- [blood_plus] [           main] org.hibernate.SQL                        : alter table request_status_logs modify column old_status enum ('ALLOCATED','APPROVED','CANCELLED','NEEDS_CONFIRMATION','PENDING','READY_FOR_RELEASE','REJECTED','RELEASED') not null
2026-05-29T13:13:33.462+08:00  INFO 5068 --- [blood_plus] [           main] j.LocalContainerEntityManagerFactoryBean : Initialized JPA EntityManagerFactory for persistence unit 'default'
2026-05-29T13:13:33.554+08:00  INFO 5068 --- [blood_plus] [           main] o.s.d.j.r.query.QueryEnhancerFactories   : Hibernate is in classpath; If applicable, HQL parser will be used.
2026-05-29T13:13:36.941+08:00  INFO 5068 --- [blood_plus] [           main] r$InitializeUserDetailsManagerConfigurer : Global AuthenticationManager configured with UserDetailsService bean with name appUserDetailsService
2026-05-29T13:13:37.362+08:00 DEBUG 5068 --- [blood_plus] [           main] s.w.s.m.m.a.RequestMappingHandlerMapping : 82 mappings in 'requestMappingHandlerMapping'
2026-05-29T13:13:37.399+08:00 DEBUG 5068 --- [blood_plus] [           main] o.s.w.s.handler.SimpleUrlHandlerMapping  : Patterns [/webjars/**, /**] in 'resourceHandlerMapping'
2026-05-29T13:13:37.427+08:00 DEBUG 5068 --- [blood_plus] [           main] s.w.s.m.m.a.RequestMappingHandlerAdapter : ControllerAdvice beans: 0 @ModelAttribute, 0 @InitBinder, 2 RequestBodyAdvice, 1 ResponseBodyAdvice
2026-05-29T13:13:37.472+08:00 DEBUG 5068 --- [blood_plus] [           main] .m.m.a.ExceptionHandlerExceptionResolver : ControllerAdvice beans: 0 @ExceptionHandler, 1 ResponseBodyAdvice
2026-05-29T13:13:37.616+08:00  INFO 5068 --- [blood_plus] [           main] o.s.boot.tomcat.TomcatWebServer          : Tomcat started on port 55810 (http) with context path '/'
2026-05-29T13:13:37.622+08:00 DEBUG 5068 --- [blood_plus] [           main] .s.b.a.l.ConditionEvaluationReportLogger : 


============================
CONDITIONS EVALUATION REPORT
============================


Positive matches:
-----------------

   AopAutoConfiguration matched:
      - @ConditionalOnBooleanProperty (spring.aop.auto=true) matched (OnPropertyCondition)

   AopAutoConfiguration.AspectJAutoProxyingConfiguration matched:
      - @ConditionalOnClass found required class 'org.aspectj.weaver.Advice' (OnClassCondition)

   AopAutoConfiguration.AspectJAutoProxyingConfiguration.CglibAutoProxyConfiguration matched:
      - @ConditionalOnBooleanProperty (spring.aop.proxy-target-class=true) matched (OnPropertyCondition)

   ApplicationAvailabilityAutoConfiguration#applicationAvailability matched:
      - @ConditionalOnMissingBean (types: org.springframework.boot.availability.ApplicationAvailability; SearchStrategy: all) did not find any beans (OnBeanCondition)

   DataJpaRepositoriesAutoConfiguration matched:
      - @ConditionalOnClass found required class 'org.springframework.data.jpa.repository.JpaRepository' (OnClassCondition)
      - @ConditionalOnBooleanProperty (spring.data.jpa.repositories.enabled=true) matched (OnPropertyCondition)
      - @ConditionalOnBean (types: javax.sql.DataSource; SearchStrategy: all) found bean 'dataSource'; @ConditionalOnMissingBean (types: org.springframework.data.jpa.repository.support.JpaRepositoryFactoryBean,org.springframework.data.jpa.repository.config.JpaRepositoryConfigExtension; SearchStrategy: all) did not find any beans (OnBeanCondition)

   DataSourceAutoConfiguration matched:
      - @ConditionalOnClass found required classes 'javax.sql.DataSource', 'org.springframework.jdbc.datasource.embedded.EmbeddedDatabaseType' (OnClassCondition)
      - @ConditionalOnMissingBean (types: io.r2dbc.spi.ConnectionFactory; SearchStrategy: all) did not find any beans (OnBeanCondition)

   DataSourceAutoConfiguration.PooledDataSourceConfiguration matched:
      - AnyNestedCondition 1 matched 1 did not; NestedCondition on DataSourceAutoConfiguration.PooledDataSourceCondition.PooledDataSourceAvailable PooledDataSource found supported DataSource; NestedCondition on DataSourceAutoConfiguration.PooledDataSourceCondition.ExplicitType @ConditionalOnProperty (spring.datasource.type) did not find property 'spring.datasource.type' (DataSourceAutoConfiguration.PooledDataSourceCondition)
      - @ConditionalOnMissingBean (types: javax.sql.DataSource,javax.sql.XADataSource; SearchStrategy: all) did not find any beans (OnBeanCondition)

   DataSourceAutoConfiguration.PooledDataSourceConfiguration#jdbcConnectionDetails matched:
      - @ConditionalOnMissingBean (types: org.springframework.boot.jdbc.autoconfigure.JdbcConnectionDetails; SearchStrategy: all) did not find any beans (OnBeanCondition)

   DataSourceConfiguration.Hikari matched:
      - @ConditionalOnClass found required class 'com.zaxxer.hikari.HikariDataSource' (OnClassCondition)
      - @ConditionalOnProperty (spring.datasource.type=com.zaxxer.hikari.HikariDataSource) matched (OnPropertyCondition)
      - @ConditionalOnMissingBean (types: javax.sql.DataSource; SearchStrategy: all) did not find any beans (OnBeanCondition)

   DataSourceInitializationAutoConfiguration matched:
      - @ConditionalOnClass found required class 'org.springframework.jdbc.datasource.init.DatabasePopulator' (OnClassCondition)
      - SQL InitializationDatabase Initialization default value is EMBEDDED (OnSqlInitializationCondition)
      - @ConditionalOnSingleCandidate (types: javax.sql.DataSource; SearchStrategy: all) found a single bean 'dataSource'; @ConditionalOnMissingBean (types: org.springframework.boot.sql.autoconfigure.init.ApplicationScriptDatabaseInitializer; SearchStrategy: all) did not find any beans (OnBeanCondition)

   DataSourcePoolMetadataProvidersConfiguration.HikariPoolDataSourceMetadataProviderConfiguration matched:
      - @ConditionalOnClass found required class 'com.zaxxer.hikari.HikariDataSource' (OnClassCondition)

   DataSourceTransactionManagerAutoConfiguration matched:
      - @ConditionalOnClass found required classes 'javax.sql.DataSource', 'org.springframework.jdbc.core.JdbcTemplate', 'org.springframework.transaction.TransactionManager' (OnClassCondition)

   DataSourceTransactionManagerAutoConfiguration.JdbcTransactionManagerConfiguration matched:
      - @ConditionalOnSingleCandidate (types: javax.sql.DataSource; SearchStrategy: all) found a single bean 'dataSource' (OnBeanCondition)

   DataWebAutoConfiguration matched:
      - @ConditionalOnClass found required classes 'org.springframework.data.web.PageableHandlerMethodArgumentResolver', 'org.springframework.web.servlet.config.annotation.WebMvcConfigurer' (OnClassCondition)
      - found 'session' scope (OnWebApplicationCondition)
      - @ConditionalOnMissingBean (types: org.springframework.data.web.PageableHandlerMethodArgumentResolver; SearchStrategy: all) did not find any beans (OnBeanCondition)

   DataWebAutoConfiguration#pageableCustomizer matched:
      - @ConditionalOnMissingBean (types: org.springframework.data.web.config.PageableHandlerMethodArgumentResolverCustomizer; SearchStrategy: all) did not find any beans (OnBeanCondition)

   DataWebAutoConfiguration#sortCustomizer matched:
      - @ConditionalOnMissingBean (types: org.springframework.data.web.config.SortHandlerMethodArgumentResolverCustomizer; SearchStrategy: all) did not find any beans (OnBeanCondition)

   DataWebAutoConfiguration#springDataWebSettings matched:
      - @ConditionalOnMissingBean (types: org.springframework.data.web.config.SpringDataWebSettings; SearchStrategy: all) did not find any beans (OnBeanCondition)

   DispatcherServletAutoConfiguration matched:
      - @ConditionalOnClass found required class 'org.springframework.web.servlet.DispatcherServlet' (OnClassCondition)
      - found 'session' scope (OnWebApplicationCondition)

   DispatcherServletAutoConfiguration.DispatcherServletConfiguration matched:
      - @ConditionalOnClass found required class 'jakarta.servlet.ServletRegistration' (OnClassCondition)
      - Default DispatcherServlet did not find dispatcher servlet beans (DispatcherServletAutoConfiguration.DefaultDispatcherServletCondition)

   DispatcherServletAutoConfiguration.DispatcherServletRegistrationConfiguration matched:
      - @ConditionalOnClass found required class 'jakarta.servlet.ServletRegistration' (OnClassCondition)
      - DispatcherServlet Registration did not find servlet registration bean (DispatcherServletAutoConfiguration.DispatcherServletRegistrationCondition)

   DispatcherServletAutoConfiguration.DispatcherServletRegistrationConfiguration#dispatcherServletRegistration matched:
      - @ConditionalOnBean (names: dispatcherServlet types: org.springframework.web.servlet.DispatcherServlet; SearchStrategy: all) found bean 'dispatcherServlet' (OnBeanCondition)

   ErrorMvcAutoConfiguration matched:
      - @ConditionalOnClass found required classes 'jakarta.servlet.Servlet', 'org.springframework.web.servlet.DispatcherServlet' (OnClassCondition)
      - found 'session' scope (OnWebApplicationCondition)

   ErrorMvcAutoConfiguration#basicErrorController matched:
      - @ConditionalOnMissingBean (types: org.springframework.boot.webmvc.error.ErrorController; SearchStrategy: current) did not find any beans (OnBeanCondition)

   ErrorMvcAutoConfiguration#errorAttributes matched:
      - @ConditionalOnMissingBean (types: org.springframework.boot.webmvc.error.ErrorAttributes; SearchStrategy: current) did not find any beans (OnBeanCondition)

   ErrorMvcAutoConfiguration.DefaultErrorViewResolverConfiguration#conventionErrorViewResolver matched:
      - @ConditionalOnBean (types: org.springframework.web.servlet.DispatcherServlet; SearchStrategy: all) found bean 'dispatcherServlet'; @ConditionalOnMissingBean (types: org.springframework.boot.webmvc.autoconfigure.error.ErrorViewResolver; SearchStrategy: all) did not find any beans (OnBeanCondition)

   ErrorMvcAutoConfiguration.WhitelabelErrorViewConfiguration matched:
      - @ConditionalOnBooleanProperty (spring.web.error.whitelabel.enabled=true) matched (OnPropertyCondition)
      - ErrorTemplate Missing did not find error template view (ErrorMvcAutoConfiguration.ErrorTemplateMissingCondition)

   ErrorMvcAutoConfiguration.WhitelabelErrorViewConfiguration#beanNameViewResolver matched:
      - @ConditionalOnMissingBean (types: org.springframework.web.servlet.view.BeanNameViewResolver; SearchStrategy: all) did not find any beans (OnBeanCondition)

   ErrorMvcAutoConfiguration.WhitelabelErrorViewConfiguration#defaultErrorView matched:
      - @ConditionalOnMissingBean (names: error; SearchStrategy: all) did not find any beans (OnBeanCondition)

   HibernateJpaAutoConfiguration matched:
      - @ConditionalOnClass found required classes 'org.springframework.orm.jpa.LocalContainerEntityManagerFactoryBean', 'jakarta.persistence.EntityManager', 'org.hibernate.engine.spi.SessionImplementor' (OnClassCondition)

   HibernateJpaConfiguration matched:
      - @ConditionalOnSingleCandidate (types: javax.sql.DataSource; SearchStrategy: all) found a single bean 'dataSource' (OnBeanCondition)

   HttpEncodingAutoConfiguration matched:
      - @ConditionalOnClass found required class 'org.springframework.web.filter.CharacterEncodingFilter' (OnClassCondition)
      - found 'session' scope (OnWebApplicationCondition)
      - @ConditionalOnBooleanProperty (spring.servlet.encoding.enabled=true) matched (OnPropertyCondition)

   HttpEncodingAutoConfiguration#characterEncodingFilter matched:
      - @ConditionalOnMissingBean (types: org.springframework.web.filter.CharacterEncodingFilter; SearchStrategy: all) did not find any beans (OnBeanCondition)

   HttpMessageConvertersAutoConfiguration matched:
      - @ConditionalOnClass found required class 'org.springframework.http.converter.HttpMessageConverter' (OnClassCondition)
      - NoneNestedConditions 0 matched 1 did not; NestedCondition on HttpMessageConvertersAutoConfiguration.NotReactiveWebApplicationCondition.ReactiveWebApplication did not find reactive web application classes (HttpMessageConvertersAutoConfiguration.NotReactiveWebApplicationCondition)

   HttpMessageConvertersAutoConfiguration.StringHttpMessageConverterConfiguration#stringHttpMessageConvertersCustomizer matched:
      - @ConditionalOnMissingBean (types: org.springframework.http.converter.StringHttpMessageConverter; SearchStrategy: all) did not find any beans (OnBeanCondition)

   JacksonAutoConfiguration matched:
      - @ConditionalOnClass found required class 'tools.jackson.databind.json.JsonMapper' (OnClassCondition)

   JacksonAutoConfiguration#jacksonJsonMapper matched:
      - @ConditionalOnMissingBean (types: tools.jackson.databind.json.JsonMapper; SearchStrategy: all) did not find any beans (OnBeanCondition)

   JacksonAutoConfiguration#jsonMapperBuilder matched:
      - @ConditionalOnMissingBean (types: tools.jackson.databind.json.JsonMapper$Builder; SearchStrategy: all) did not find any beans (OnBeanCondition)

   JacksonAutoConfiguration.JsonProblemDetailsConfiguration matched:
      - @ConditionalOnClass found required class 'org.springframework.http.ProblemDetail' (OnClassCondition)

   JacksonHttpMessageConvertersConfiguration.JacksonJsonHttpMessageConverterConfiguration matched:
      - @ConditionalOnClass found required class 'tools.jackson.databind.json.JsonMapper' (OnClassCondition)
      - @ConditionalOnProperty (spring.http.converters.preferred-json-mapper=jackson) matched (OnPropertyCondition)
      - @ConditionalOnBean (types: tools.jackson.databind.json.JsonMapper; SearchStrategy: all) found bean 'jacksonJsonMapper' (OnBeanCondition)

   JacksonHttpMessageConvertersConfiguration.JacksonJsonHttpMessageConverterConfiguration#jacksonJsonHttpMessageConvertersCustomizer matched:
      - @ConditionalOnMissingBean (types: org.springframework.http.converter.json.JacksonJsonHttpMessageConverter ignored: org.springframework.hateoas.server.mvc.TypeConstrainedJacksonJsonHttpMessageConverter,org.springframework.data.rest.webmvc.alps.AlpsJacksonJsonHttpMessageConverter; SearchStrategy: all) did not find any beans (OnBeanCondition)

   JdbcClientAutoConfiguration matched:
      - @ConditionalOnSingleCandidate (types: org.springframework.jdbc.core.namedparam.NamedParameterJdbcTemplate; SearchStrategy: all) found a single bean 'namedParameterJdbcTemplate'; @ConditionalOnMissingBean (types: org.springframework.jdbc.core.simple.JdbcClient; SearchStrategy: all) did not find any beans (OnBeanCondition)

   JdbcTemplateAutoConfiguration matched:
      - @ConditionalOnClass found required classes 'javax.sql.DataSource', 'org.springframework.jdbc.core.JdbcTemplate' (OnClassCondition)
      - @ConditionalOnSingleCandidate (types: javax.sql.DataSource; SearchStrategy: all) found a single bean 'dataSource' (OnBeanCondition)

   JdbcTemplateConfiguration matched:
      - @ConditionalOnMissingBean (types: org.springframework.jdbc.core.JdbcOperations; SearchStrategy: all) did not find any beans (OnBeanCondition)

   JpaBaseConfiguration#entityManagerFactory matched:
      - @ConditionalOnMissingBean (types: org.springframework.orm.jpa.LocalContainerEntityManagerFactoryBean,jakarta.persistence.EntityManagerFactory; SearchStrategy: all) did not find any beans (OnBeanCondition)

   JpaBaseConfiguration#entityManagerFactoryBuilder matched:
      - @ConditionalOnMissingBean (types: org.springframework.boot.jpa.EntityManagerFactoryBuilder; SearchStrategy: all) did not find any beans (OnBeanCondition)

   JpaBaseConfiguration#jpaVendorAdapter matched:
      - @ConditionalOnMissingBean (types: org.springframework.orm.jpa.JpaVendorAdapter; SearchStrategy: all) did not find any beans (OnBeanCondition)

   JpaBaseConfiguration#transactionManager matched:
      - @ConditionalOnMissingBean (types: org.springframework.transaction.TransactionManager; SearchStrategy: all) did not find any beans (OnBeanCondition)

   JpaBaseConfiguration.JpaWebConfiguration matched:
      - @ConditionalOnClass found required class 'org.springframework.web.servlet.config.annotation.WebMvcConfigurer' (OnClassCondition)
      - found 'session' scope (OnWebApplicationCondition)
      - @ConditionalOnBooleanProperty (spring.jpa.open-in-view=true) matched (OnPropertyCondition)
      - @ConditionalOnMissingBean (types: org.springframework.orm.jpa.support.OpenEntityManagerInViewInterceptor,org.springframework.orm.jpa.support.OpenEntityManagerInViewFilter; SearchStrategy: all) did not find any beans (OnBeanCondition)

   JpaBaseConfiguration.PersistenceManagedTypesConfiguration matched:
      - @ConditionalOnMissingBean (types: org.springframework.orm.jpa.LocalContainerEntityManagerFactoryBean,jakarta.persistence.EntityManagerFactory; SearchStrategy: all) did not find any beans (OnBeanCondition)

   JpaBaseConfiguration.PersistenceManagedTypesConfiguration#persistenceManagedTypes matched:
      - @ConditionalOnMissingBean (types: org.springframework.orm.jpa.persistenceunit.PersistenceManagedTypes; SearchStrategy: all) did not find any beans (OnBeanCondition)

   JtaAutoConfiguration matched:
      - @ConditionalOnClass found required class 'jakarta.transaction.Transaction' (OnClassCondition)
      - @ConditionalOnBooleanProperty (spring.jta.enabled=true) matched (OnPropertyCondition)

   LifecycleAutoConfiguration#defaultLifecycleProcessor matched:
      - @ConditionalOnMissingBean (names: lifecycleProcessor; SearchStrategy: current) did not find any beans (OnBeanCondition)

   MultipartAutoConfiguration matched:
      - @ConditionalOnClass found required classes 'jakarta.servlet.Servlet', 'org.springframework.web.multipart.support.StandardServletMultipartResolver', 'jakarta.servlet.MultipartConfigElement' (OnClassCondition)
      - found 'session' scope (OnWebApplicationCondition)
      - @ConditionalOnBooleanProperty (spring.servlet.multipart.enabled=true) matched (OnPropertyCondition)

   MultipartAutoConfiguration#multipartConfigElement matched:
      - @ConditionalOnMissingBean (types: jakarta.servlet.MultipartConfigElement; SearchStrategy: all) did not find any beans (OnBeanCondition)

   MultipartAutoConfiguration#multipartResolver matched:
      - @ConditionalOnMissingBean (types: org.springframework.web.multipart.MultipartResolver; SearchStrategy: all) did not find any beans (OnBeanCondition)

   NamedParameterJdbcTemplateConfiguration matched:
      - @ConditionalOnSingleCandidate (types: org.springframework.jdbc.core.JdbcTemplate; SearchStrategy: all) found a single bean 'jdbcTemplate'; @ConditionalOnMissingBean (types: org.springframework.jdbc.core.namedparam.NamedParameterJdbcOperations; SearchStrategy: all) did not find any beans (OnBeanCondition)

   PersistenceExceptionTranslationAutoConfiguration matched:
      - @ConditionalOnClass found required class 'org.springframework.dao.annotation.PersistenceExceptionTranslationPostProcessor' (OnClassCondition)

   PersistenceExceptionTranslationAutoConfiguration#persistenceExceptionTranslationPostProcessor matched:
      - @ConditionalOnBooleanProperty (spring.persistence.exceptiontranslation.enabled=true) matched (OnPropertyCondition)
      - @ConditionalOnMissingBean (types: org.springframework.dao.annotation.PersistenceExceptionTranslationPostProcessor; SearchStrategy: all) did not find any beans (OnBeanCondition)

   PropertyPlaceholderAutoConfiguration#propertySourcesPlaceholderConfigurer matched:
      - @ConditionalOnMissingBean (types: org.springframework.context.support.PropertySourcesPlaceholderConfigurer; SearchStrategy: current) did not find any beans (OnBeanCondition)

   SecurityAutoConfiguration matched:
      - @ConditionalOnClass found required class 'org.springframework.security.authentication.DefaultAuthenticationEventPublisher' (OnClassCondition)

   SecurityAutoConfiguration#authenticationEventPublisher matched:
      - @ConditionalOnMissingBean (types: org.springframework.security.authentication.AuthenticationEventPublisher; SearchStrategy: all) did not find any beans (OnBeanCondition)

   SecurityFilterAutoConfiguration matched:
      - @ConditionalOnClass found required classes 'org.springframework.security.web.context.AbstractSecurityWebApplicationInitializer', 'org.springframework.security.config.http.SessionCreationPolicy' (OnClassCondition)
      - found 'session' scope (OnWebApplicationCondition)

   SecurityFilterAutoConfiguration#securityFilterChainRegistration matched:
      - @ConditionalOnBean (names: springSecurityFilterChain; SearchStrategy: all) found bean 'springSecurityFilterChain' (OnBeanCondition)

   ServletWebSecurityAutoConfiguration matched:
      - @ConditionalOnClass found required class 'org.springframework.security.config.annotation.web.configuration.EnableWebSecurity' (OnClassCondition)
      - found 'session' scope (OnWebApplicationCondition)

   ServletWebSecurityAutoConfiguration.EnableWebSecurityConfiguration matched:
      - @ConditionalOnClass found required class 'org.springframework.security.config.annotation.web.configuration.EnableWebSecurity' (OnClassCondition)
      - @ConditionalOnMissingBean (names: springSecurityFilterChain; SearchStrategy: all) did not find any beans (OnBeanCondition)

   ServletWebSecurityAutoConfiguration.PathPatternRequestMatcherBuilderConfiguration matched:
      - @ConditionalOnClass found required class 'org.springframework.boot.webmvc.autoconfigure.DispatcherServletPath' (OnClassCondition)
      - @ConditionalOnBean (types: org.springframework.boot.webmvc.autoconfigure.DispatcherServletPath; SearchStrategy: all) found bean 'dispatcherServletRegistration' (OnBeanCondition)

   ServletWebSecurityAutoConfiguration.PathPatternRequestMatcherBuilderConfiguration#pathPatternRequestMatcherBuilder matched:
      - @ConditionalOnMissingBean (types: org.springframework.security.web.servlet.util.matcher.PathPatternRequestMatcher$Builder; SearchStrategy: all) did not find any beans (OnBeanCondition)

   SslAutoConfiguration#sslBundleRegistry matched:
      - @ConditionalOnMissingBean (types: org.springframework.boot.ssl.SslBundleRegistry,org.springframework.boot.ssl.SslBundles; SearchStrategy: all) did not find any beans (OnBeanCondition)

   TaskExecutionAutoConfiguration matched:
      - @ConditionalOnClass found required class 'org.springframework.scheduling.concurrent.ThreadPoolTaskExecutor' (OnClassCondition)

   TaskExecutorConfigurations.AsyncConfigurerConfiguration matched:
      - @ConditionalOnMissingBean (types: org.springframework.scheduling.annotation.AsyncConfigurer; SearchStrategy: all) did not find any beans (OnBeanCondition)

   TaskExecutorConfigurations.SimpleAsyncTaskExecutorBuilderConfiguration#simpleAsyncTaskExecutorBuilder matched:
      - @ConditionalOnMissingBean (types: org.springframework.boot.task.SimpleAsyncTaskExecutorBuilder; SearchStrategy: all) did not find any beans (OnBeanCondition)
      - @ConditionalOnThreading found PLATFORM (OnThreadingCondition)

   TaskExecutorConfigurations.TaskExecutorConfiguration matched:
      - AnyNestedCondition 1 matched 1 did not; NestedCondition on TaskExecutorConfigurations.OnExecutorCondition.ModelCondition @ConditionalOnProperty (spring.task.execution.mode=force) did not find property 'spring.task.execution.mode'; NestedCondition on TaskExecutorConfigurations.OnExecutorCondition.ExecutorBeanCondition @ConditionalOnMissingBean (types: java.util.concurrent.Executor; SearchStrategy: all) did not find any beans (TaskExecutorConfigurations.OnExecutorCondition)

   TaskExecutorConfigurations.TaskExecutorConfiguration#applicationTaskExecutor matched:
      - @ConditionalOnThreading found PLATFORM (OnThreadingCondition)

   TaskExecutorConfigurations.ThreadPoolTaskExecutorBuilderConfiguration#threadPoolTaskExecutorBuilder matched:
      - @ConditionalOnMissingBean (types: org.springframework.boot.task.ThreadPoolTaskExecutorBuilder; SearchStrategy: all) did not find any beans (OnBeanCondition)

   TaskSchedulingAutoConfiguration matched:
      - @ConditionalOnClass found required class 'org.springframework.scheduling.concurrent.ThreadPoolTaskScheduler' (OnClassCondition)

   TaskSchedulingAutoConfiguration#scheduledBeanLazyInitializationExcludeFilter matched:
      - @ConditionalOnBean (names: org.springframework.scheduling.config.internalScheduledAnnotationProcessor; SearchStrategy: all) found bean 'org.springframework.scheduling.config.internalScheduledAnnotationProcessor' (OnBeanCondition)

   TaskSchedulingConfigurations.SimpleAsyncTaskSchedulerBuilderConfiguration#simpleAsyncTaskSchedulerBuilder matched:
      - @ConditionalOnMissingBean (types: org.springframework.boot.task.SimpleAsyncTaskSchedulerBuilder; SearchStrategy: all) did not find any beans (OnBeanCondition)
      - @ConditionalOnThreading found PLATFORM (OnThreadingCondition)

   TaskSchedulingConfigurations.TaskSchedulerConfiguration matched:
      - @ConditionalOnBean (names: org.springframework.scheduling.config.internalScheduledAnnotationProcessor; SearchStrategy: all) found bean 'org.springframework.scheduling.config.internalScheduledAnnotationProcessor'; @ConditionalOnMissingBean (types: org.springframework.scheduling.TaskScheduler,java.util.concurrent.ScheduledExecutorService; SearchStrategy: all) did not find any beans (OnBeanCondition)

   TaskSchedulingConfigurations.TaskSchedulerConfiguration#taskScheduler matched:
      - @ConditionalOnThreading found PLATFORM (OnThreadingCondition)

   TaskSchedulingConfigurations.ThreadPoolTaskSchedulerBuilderConfiguration#threadPoolTaskSchedulerBuilder matched:
      - @ConditionalOnMissingBean (types: org.springframework.boot.task.ThreadPoolTaskSchedulerBuilder; SearchStrategy: all) did not find any beans (OnBeanCondition)

   TomcatServletWebServerAutoConfiguration matched:
      - @ConditionalOnClass found required classes 'jakarta.servlet.ServletRequest', 'org.apache.catalina.startup.Tomcat', 'org.apache.coyote.UpgradeProtocol', 'org.springframework.boot.tomcat.servlet.TomcatServletWebServerFactory' (OnClassCondition)
      - found 'session' scope (OnWebApplicationCondition)

   TomcatServletWebServerAutoConfiguration#tomcatServletWebServerFactory matched:
      - @ConditionalOnMissingBean (types: org.springframework.boot.web.server.servlet.ServletWebServerFactory; SearchStrategy: current) did not find any beans (OnBeanCondition)

   TomcatWebServerConfiguration matched:
      - @ConditionalOnWarDeployment the application is not deployed as a WAR file. (OnWarDeploymentCondition)

   TomcatWebServerConfiguration.TomcatWebSocketConfiguration matched:
      - @ConditionalOnClass found required class 'org.apache.tomcat.websocket.server.WsSci' (OnClassCondition)

   TransactionAutoConfiguration matched:
      - @ConditionalOnClass found required class 'org.springframework.transaction.PlatformTransactionManager' (OnClassCondition)

   TransactionAutoConfiguration.EnableTransactionManagementConfiguration matched:
      - @ConditionalOnBean (types: org.springframework.transaction.TransactionManager; SearchStrategy: all) found bean 'transactionManager'; @ConditionalOnMissingBean (types: org.springframework.transaction.annotation.AbstractTransactionManagementConfiguration; SearchStrategy: all) did not find any beans (OnBeanCondition)

   TransactionAutoConfiguration.EnableTransactionManagementConfiguration.CglibAutoProxyConfiguration matched:
      - @ConditionalOnBooleanProperty (spring.aop.proxy-target-class=true) matched (OnPropertyCondition)

   TransactionAutoConfiguration.TransactionTemplateConfiguration matched:
      - @ConditionalOnSingleCandidate (types: org.springframework.transaction.PlatformTransactionManager; SearchStrategy: all) found a single bean 'transactionManager' (OnBeanCondition)

   TransactionAutoConfiguration.TransactionTemplateConfiguration#transactionTemplate matched:
      - @ConditionalOnMissingBean (types: org.springframework.transaction.support.TransactionOperations; SearchStrategy: all) did not find any beans (OnBeanCondition)

   TransactionManagerCustomizationAutoConfiguration matched:
      - @ConditionalOnClass found required class 'org.springframework.transaction.PlatformTransactionManager' (OnClassCondition)

   TransactionManagerCustomizationAutoConfiguration#platformTransactionManagerCustomizers matched:
      - @ConditionalOnMissingBean (types: org.springframework.boot.transaction.autoconfigure.TransactionManagerCustomizers; SearchStrategy: all) did not find any beans (OnBeanCondition)

   ValidationAutoConfiguration matched:
      - @ConditionalOnClass found required class 'jakarta.validation.executable.ExecutableValidator' (OnClassCondition)
      - @ConditionalOnResource found location classpath:META-INF/services/jakarta.validation.spi.ValidationProvider (OnResourceCondition)

   ValidationAutoConfiguration#defaultValidator matched:
      - @ConditionalOnMissingBean (types: jakarta.validation.Validator; SearchStrategy: all) did not find any beans (OnBeanCondition)

   ValidationAutoConfiguration#methodValidationPostProcessor matched:
      - @ConditionalOnMissingBean (types: org.springframework.validation.beanvalidation.MethodValidationPostProcessor; SearchStrategy: current) did not find any beans (OnBeanCondition)

   WebMvcAutoConfiguration matched:
      - @ConditionalOnClass found required classes 'jakarta.servlet.Servlet', 'org.springframework.web.servlet.DispatcherServlet', 'org.springframework.web.servlet.config.annotation.WebMvcConfigurer' (OnClassCondition)
      - found 'session' scope (OnWebApplicationCondition)
      - @ConditionalOnMissingBean (types: org.springframework.web.servlet.config.annotation.WebMvcConfigurationSupport; SearchStrategy: all) did not find any beans (OnBeanCondition)

   WebMvcAutoConfiguration#formContentFilter matched:
      - @ConditionalOnBooleanProperty (spring.mvc.formcontent.filter.enabled=true) matched (OnPropertyCondition)
      - @ConditionalOnMissingBean (types: org.springframework.web.filter.FormContentFilter; SearchStrategy: all) did not find any beans (OnBeanCondition)

   WebMvcAutoConfiguration.EnableWebMvcConfiguration#flashMapManager matched:
      - @ConditionalOnMissingBean (names: flashMapManager; SearchStrategy: all) did not find any beans (OnBeanCondition)

   WebMvcAutoConfiguration.EnableWebMvcConfiguration#localeResolver matched:
      - @ConditionalOnMissingBean (names: localeResolver; SearchStrategy: all) did not find any beans (OnBeanCondition)

   WebMvcAutoConfiguration.EnableWebMvcConfiguration#viewNameTranslator matched:
      - @ConditionalOnMissingBean (names: viewNameTranslator; SearchStrategy: all) did not find any beans (OnBeanCondition)

   WebMvcAutoConfiguration.WebMvcAutoConfigurationAdapter#defaultViewResolver matched:
      - @ConditionalOnMissingBean (types: org.springframework.web.servlet.view.InternalResourceViewResolver; SearchStrategy: all) did not find any beans (OnBeanCondition)

   WebMvcAutoConfiguration.WebMvcAutoConfigurationAdapter#requestContextFilter matched:
      - @ConditionalOnMissingBean (types: org.springframework.web.context.request.RequestContextListener,org.springframework.web.filter.RequestContextFilter; SearchStrategy: all) did not find any beans (OnBeanCondition)

   WebMvcAutoConfiguration.WebMvcAutoConfigurationAdapter#viewResolver matched:
      - @ConditionalOnBean (types: org.springframework.web.servlet.ViewResolver; SearchStrategy: all) found beans 'defaultViewResolver', 'beanNameViewResolver', 'mvcViewResolver'; @ConditionalOnMissingBean (names: viewResolver types: org.springframework.web.servlet.view.ContentNegotiatingViewResolver; SearchStrategy: all) did not find any beans (OnBeanCondition)


Negative matches:
-----------------

   AopAutoConfiguration.AspectJAutoProxyingConfiguration.JdkDynamicAutoProxyConfiguration:
      Did not match:
         - @ConditionalOnBooleanProperty (spring.aop.proxy-target-class=false) did not find property 'spring.aop.proxy-target-class' (OnPropertyCondition)

   AopAutoConfiguration.ClassProxyingConfiguration:
      Did not match:
         - @ConditionalOnMissingClass found unwanted class 'org.aspectj.weaver.Advice' (OnClassCondition)

   DataJpaRepositoriesAutoConfiguration#entityManagerFactoryBootstrapExecutorCustomizer:
      Did not match:
         - AnyNestedCondition 0 matched 2 did not; NestedCondition on DataJpaRepositoriesAutoConfiguration.BootstrapExecutorCondition.LazyBootstrapMode @ConditionalOnProperty (spring.data.jpa.repositories.bootstrap-mode=lazy) did not find property 'spring.data.jpa.repositories.bootstrap-mode'; NestedCondition on DataJpaRepositoriesAutoConfiguration.BootstrapExecutorCondition.DeferredBootstrapMode @ConditionalOnProperty (spring.data.jpa.repositories.bootstrap-mode=deferred) did not find property 'spring.data.jpa.repositories.bootstrap-mode' (DataJpaRepositoriesAutoConfiguration.BootstrapExecutorCondition)

   DataRepositoryMetricsAutoConfiguration:
      Did not match:
         - @ConditionalOnBean did not find required type 'io.micrometer.core.instrument.MeterRegistry' (OnBeanCondition)

   DataSourceAutoConfiguration.EmbeddedDatabaseConfiguration:
      Did not match:
         - EmbeddedDataSource spring.datasource.url is set (DataSourceAutoConfiguration.EmbeddedDatabaseCondition)

   DataSourceCheckpointRestoreConfiguration:
      Did not match:
         - @ConditionalOnClass did not find required class 'org.crac.Resource' (OnClassCondition)

   DataSourceConfiguration.Dbcp2:
      Did not match:
         - @ConditionalOnClass did not find required class 'org.apache.commons.dbcp2.BasicDataSource' (OnClassCondition)

   DataSourceConfiguration.Generic:
      Did not match:
         - @ConditionalOnProperty (spring.datasource.type) did not find property 'spring.datasource.type' (OnPropertyCondition)

   DataSourceConfiguration.OracleUcp:
      Did not match:
         - @ConditionalOnClass did not find required classes 'oracle.ucp.jdbc.PoolDataSourceImpl', 'oracle.jdbc.OracleConnection' (OnClassCondition)

   DataSourceConfiguration.Tomcat:
      Did not match:
         - @ConditionalOnClass did not find required class 'org.apache.tomcat.jdbc.pool.DataSource' (OnClassCondition)

   DataSourceHealthContributorAutoConfiguration:
      Did not match:
         - @ConditionalOnClass did not find required class 'org.springframework.boot.health.autoconfigure.contributor.ConditionalOnEnabledHealthIndicator' (OnClassCondition)

   DataSourceJmxConfiguration:
      Did not match:
         - @ConditionalOnBooleanProperty (spring.jmx.enabled=true) did not find property 'spring.jmx.enabled' (OnPropertyCondition)

   DataSourcePoolMetadataProvidersConfiguration.CommonsDbcp2PoolDataSourceMetadataProviderConfiguration:
      Did not match:
         - @ConditionalOnClass did not find required class 'org.apache.commons.dbcp2.BasicDataSource' (OnClassCondition)

   DataSourcePoolMetadataProvidersConfiguration.OracleUcpPoolDataSourceMetadataProviderConfiguration:
      Did not match:
         - @ConditionalOnClass did not find required classes 'oracle.ucp.jdbc.PoolDataSource', 'oracle.jdbc.OracleConnection' (OnClassCondition)

   DataSourcePoolMetadataProvidersConfiguration.TomcatDataSourcePoolMetadataProviderConfiguration:
      Did not match:
         - @ConditionalOnClass did not find required class 'org.apache.tomcat.jdbc.pool.DataSource' (OnClassCondition)

   DataSourcePoolMetricsAutoConfiguration:
      Did not match:
         - @ConditionalOnClass did not find required class 'io.micrometer.core.instrument.MeterRegistry' (OnClassCondition)

   DataSourceTransactionManagerAutoConfiguration.JdbcTransactionManagerConfiguration#transactionManager:
      Did not match:
         - @ConditionalOnMissingBean (types: org.springframework.transaction.TransactionManager; SearchStrategy: all) found beans of type 'org.springframework.transaction.TransactionManager' transactionManager (OnBeanCondition)

   DispatcherServletAutoConfiguration.DispatcherServletConfiguration#multipartResolver:
      Did not match:
         - @ConditionalOnBean (types: org.springframework.web.multipart.MultipartResolver; SearchStrategy: all) did not find any beans of type org.springframework.web.multipart.MultipartResolver (OnBeanCondition)

   GsonHttpMessageConvertersConfiguration:
      Did not match:
         - @ConditionalOnClass did not find required class 'com.google.gson.Gson' (OnClassCondition)

   HibernateMetricsAutoConfiguration:
      Did not match:
         - @ConditionalOnClass did not find required class 'io.micrometer.core.instrument.MeterRegistry' (OnClassCondition)

   Jackson2HttpMessageConvertersConfiguration.MappingJackson2HttpMessageConverterConfiguration:
      Did not match:
         - AnyNestedCondition 0 matched 2 did not; NestedCondition on Jackson2HttpMessageConvertersConfiguration.PreferJackson2OrJacksonUnavailableCondition.JacksonUnavailable @ConditionalOnMissingBean (types: org.springframework.boot.http.converter.autoconfigure.JacksonHttpMessageConvertersConfiguration$JacksonJsonHttpMessageConvertersCustomizer; SearchStrategy: all) found beans of type 'org.springframework.boot.http.converter.autoconfigure.JacksonHttpMessageConvertersConfiguration$JacksonJsonHttpMessageConvertersCustomizer' jacksonJsonHttpMessageConvertersCustomizer; NestedCondition on Jackson2HttpMessageConvertersConfiguration.PreferJackson2OrJacksonUnavailableCondition.Jackson2Preferred @ConditionalOnProperty (spring.http.converters.preferred-json-mapper=jackson2) did not find property 'spring.http.converters.preferred-json-mapper' (Jackson2HttpMessageConvertersConfiguration.PreferJackson2OrJacksonUnavailableCondition)
      Matched:
         - @ConditionalOnClass found required class 'com.fasterxml.jackson.databind.ObjectMapper' (OnClassCondition)

   Jackson2HttpMessageConvertersConfiguration.MappingJackson2XmlHttpMessageConverterConfiguration:
      Did not match:
         - @ConditionalOnClass did not find required class 'com.fasterxml.jackson.dataformat.xml.XmlMapper' (OnClassCondition)

   JacksonAutoConfiguration.CborConfiguration:
      Did not match:
         - @ConditionalOnClass did not find required class 'tools.jackson.dataformat.cbor.CBORMapper' (OnClassCondition)

   JacksonAutoConfiguration.XmlConfiguration:
      Did not match:
         - @ConditionalOnClass did not find required class 'tools.jackson.dataformat.xml.XmlMapper' (OnClassCondition)

   JacksonHttpMessageConvertersConfiguration.JacksonXmlHttpMessageConverterConfiguration:
      Did not match:
         - @ConditionalOnClass did not find required class 'tools.jackson.dataformat.xml.XmlMapper' (OnClassCondition)

   JmxAutoConfiguration:
      Did not match:
         - @ConditionalOnBooleanProperty (spring.jmx.enabled=true) did not find property 'spring.jmx.enabled' (OnPropertyCondition)
      Matched:
         - @ConditionalOnClass found required class 'org.springframework.jmx.export.MBeanExporter' (OnClassCondition)

   JndiDataSourceAutoConfiguration:
      Did not match:
         - @ConditionalOnProperty (spring.datasource.jndi-name) did not find property 'spring.datasource.jndi-name' (OnPropertyCondition)
      Matched:
         - @ConditionalOnClass found required classes 'javax.sql.DataSource', 'org.springframework.jdbc.datasource.embedded.EmbeddedDatabaseType' (OnClassCondition)

   JndiJtaConfiguration:
      Did not match:
         - @ConditionalOnJndi JNDI environment is not available (OnJndiCondition)
      Matched:
         - @ConditionalOnClass found required class 'org.springframework.transaction.jta.JtaTransactionManager' (OnClassCondition)

   JsonbHttpMessageConvertersConfiguration:
      Did not match:
         - @ConditionalOnClass did not find required class 'jakarta.json.bind.Jsonb' (OnClassCondition)

   KotlinSerializationHttpMessageConvertersConfiguration:
      Did not match:
         - @ConditionalOnClass did not find required classes 'kotlinx.serialization.Serializable', 'kotlinx.serialization.json.Json' (OnClassCondition)

   MailHealthContributorAutoConfiguration:
      Did not match:
         - @ConditionalOnClass did not find required class 'org.springframework.boot.health.autoconfigure.contributor.ConditionalOnEnabledHealthIndicator' (OnClassCondition)

   MailSenderAutoConfiguration:
      Did not match:
         - AnyNestedCondition 0 matched 2 did not; NestedCondition on MailSenderAutoConfiguration.MailSenderCondition.JndiNameProperty @ConditionalOnProperty (spring.mail.jndi-name) did not find property 'spring.mail.jndi-name'; NestedCondition on MailSenderAutoConfiguration.MailSenderCondition.HostProperty @ConditionalOnProperty (spring.mail.host) did not find property 'spring.mail.host' (MailSenderAutoConfiguration.MailSenderCondition)
      Matched:
         - @ConditionalOnClass found required classes 'jakarta.mail.internet.MimeMessage', 'jakarta.activation.MimeType', 'org.springframework.mail.MailSender' (OnClassCondition)

   MailSenderValidatorAutoConfiguration:
      Did not match:
         - @ConditionalOnBooleanProperty (spring.mail.test-connection=true) did not find property 'spring.mail.test-connection' (OnPropertyCondition)

   ManagementWebSecurityAutoConfiguration:
      Did not match:
         - @ConditionalOnClass did not find required class 'org.springframework.boot.actuate.autoconfigure.endpoint.web.WebEndpointAutoConfiguration' (OnClassCondition)

   MessageSourceAutoConfiguration:
      Did not match:
         - ResourceBundle did not find bundle with basename messages (MessageSourceAutoConfiguration.ResourceBundleCondition)

   ProjectInfoAutoConfiguration#buildProperties:
      Did not match:
         - @ConditionalOnResource did not find resource '${spring.info.build.location:classpath:META-INF/build-info.properties}' (OnResourceCondition)

   ProjectInfoAutoConfiguration#gitProperties:
      Did not match:
         - GitResource did not find git info at classpath:git.properties (ProjectInfoAutoConfiguration.GitResourceAvailableCondition)

   RSocketSecurityAutoConfiguration:
      Did not match:
         - @ConditionalOnClass did not find required class 'org.springframework.boot.rsocket.server.RSocketServerCustomizer' (OnClassCondition)

   ReactiveManagementWebSecurityAutoConfiguration:
      Did not match:
         - @ConditionalOnClass did not find required class 'org.springframework.boot.actuate.autoconfigure.endpoint.web.WebEndpointAutoConfiguration' (OnClassCondition)

   ReactiveUserDetailsServiceAutoConfiguration:
      Did not match:
         - AnyNestedCondition 0 matched 2 did not; NestedCondition on ReactiveUserDetailsServiceAutoConfiguration.RSocketEnabledOrReactiveWebApplication.ReactiveWebApplicationCondition did not find reactive web application classes; NestedCondition on ReactiveUserDetailsServiceAutoConfiguration.RSocketEnabledOrReactiveWebApplication.RSocketSecurityEnabledCondition @ConditionalOnBean (types: org.springframework.messaging.rsocket.annotation.support.RSocketMessageHandler; SearchStrategy: all) did not find any beans of type org.springframework.messaging.rsocket.annotation.support.RSocketMessageHandler (ReactiveUserDetailsServiceAutoConfiguration.RSocketEnabledOrReactiveWebApplication)
      Matched:
         - @ConditionalOnClass found required class 'org.springframework.security.authentication.ReactiveAuthenticationManager' (OnClassCondition)
         - AnyNestedCondition 1 matched 2 did not; NestedCondition on MissingAlternativeUserDetailsManagerOrUserPropertiesConfigured.PasswordConfigured @ConditionalOnProperty (spring.security.user.password) did not find property 'spring.security.user.password'; NestedCondition on MissingAlternativeUserDetailsManagerOrUserPropertiesConfigured.NameConfigured @ConditionalOnProperty (spring.security.user.name) did not find property 'spring.security.user.name'; NestedCondition on MissingAlternativeUserDetailsManagerOrUserPropertiesConfigured.MissingAlternative @ConditionalOnMissingClass did not find unwanted classes 'org.springframework.security.oauth2.client.registration.ClientRegistrationRepository', 'org.springframework.security.oauth2.server.resource.introspection.OpaqueTokenIntrospector', 'org.springframework.security.saml2.provider.service.registration.RelyingPartyRegistrationRepository' (MissingAlternativeUserDetailsManagerOrUserPropertiesConfigured)

   ReactiveWebSecurityAutoConfiguration:
      Did not match:
         - @ConditionalOnClass did not find required class 'reactor.core.publisher.Flux' (OnClassCondition)

   SecurityAutoConfiguration.SecurityDataConfiguration:
      Did not match:
         - @ConditionalOnClass did not find required class 'org.springframework.security.data.repository.query.SecurityEvaluationContextExtension' (OnClassCondition)

   ServletHttpExchangesAutoConfiguration:
      Did not match:
         - @ConditionalOnBean did not find required type 'org.springframework.boot.actuate.web.exchanges.HttpExchangeRepository' (OnBeanCondition)

   ServletManagementContextAutoConfiguration:
      Did not match:
         - @ConditionalOnClass did not find required class 'org.springframework.boot.actuate.autoconfigure.endpoint.web.WebEndpointProperties' (OnClassCondition)

   ServletMappingsAutoConfiguration:
      Did not match:
         - @ConditionalOnClass did not find required class 'org.springframework.boot.actuate.autoconfigure.endpoint.condition.ConditionalOnAvailableEndpoint' (OnClassCondition)

   ServletWebSecurityAutoConfiguration.SecurityFilterChainConfiguration:
      Did not match:
         - AllNestedConditions 1 matched 1 did not; NestedCondition on DefaultWebSecurityCondition.Beans @ConditionalOnMissingBean (types: org.springframework.security.web.SecurityFilterChain; SearchStrategy: all) found beans of type 'org.springframework.security.web.SecurityFilterChain' filterChain; NestedCondition on DefaultWebSecurityCondition.Classes @ConditionalOnClass found required classes 'org.springframework.security.web.SecurityFilterChain', 'org.springframework.security.config.annotation.web.builders.HttpSecurity' (DefaultWebSecurityCondition)

   ServletWebServerConfiguration#forwardedHeaderFilter:
      Did not match:
         - @ConditionalOnProperty (server.forward-headers-strategy=framework) did not find property 'server.forward-headers-strategy' (OnPropertyCondition)

   SpringApplicationAdminJmxAutoConfiguration:
      Did not match:
         - @ConditionalOnBooleanProperty (spring.application.admin.enabled=true) did not find property 'spring.application.admin.enabled' (OnPropertyCondition)

   TaskExecutorConfigurations.AsyncConfigurerWrapperConfiguration:
      Did not match:
         - @ConditionalOnBean (types: org.springframework.scheduling.annotation.AsyncConfigurer; SearchStrategy: all) did not find any beans of type org.springframework.scheduling.annotation.AsyncConfigurer (OnBeanCondition)

   TaskExecutorConfigurations.SimpleAsyncTaskExecutorBuilderConfiguration#simpleAsyncTaskExecutorBuilderVirtualThreads:
      Did not match:
         - @ConditionalOnMissingBean (types: org.springframework.boot.task.SimpleAsyncTaskExecutorBuilder; SearchStrategy: all) found beans of type 'org.springframework.boot.task.SimpleAsyncTaskExecutorBuilder' simpleAsyncTaskExecutorBuilder (OnBeanCondition)

   TaskExecutorConfigurations.TaskExecutorConfiguration#applicationTaskExecutorVirtualThreads:
      Did not match:
         - @ConditionalOnThreading did not find VIRTUAL (OnThreadingCondition)

   TaskSchedulingConfigurations.SimpleAsyncTaskSchedulerBuilderConfiguration#simpleAsyncTaskSchedulerBuilderVirtualThreads:
      Did not match:
         - @ConditionalOnMissingBean (types: org.springframework.boot.task.SimpleAsyncTaskSchedulerBuilder; SearchStrategy: all) found beans of type 'org.springframework.boot.task.SimpleAsyncTaskSchedulerBuilder' simpleAsyncTaskSchedulerBuilder (OnBeanCondition)

   TaskSchedulingConfigurations.TaskSchedulerConfiguration#taskSchedulerVirtualThreads:
      Did not match:
         - @ConditionalOnThreading did not find VIRTUAL (OnThreadingCondition)

   TomcatMetricsAutoConfiguration:
      Did not match:
         - @ConditionalOnClass did not find required class 'io.micrometer.core.instrument.binder.tomcat.TomcatMetrics' (OnClassCondition)

   TomcatReactiveManagementContextAutoConfiguration:
      Did not match:
         - @ConditionalOnClass did not find required class 'org.springframework.boot.actuate.autoconfigure.web.server.ManagementContextFactory' (OnClassCondition)

   TomcatReactiveWebServerAutoConfiguration:
      Did not match:
         - @ConditionalOnWebApplication did not find reactive web application classes (OnWebApplicationCondition)

   TomcatServletManagementContextAutoConfiguration:
      Did not match:
         - @ConditionalOnClass did not find required class 'org.springframework.boot.actuate.autoconfigure.web.server.ManagementContextFactory' (OnClassCondition)

   TomcatServletWebServerAutoConfiguration#tomcatForwardedHeaderFilterCustomizer:
      Did not match:
         - @ConditionalOnProperty (server.forward-headers-strategy=framework) did not find property 'server.forward-headers-strategy' (OnPropertyCondition)

   TomcatWebServerConfiguration#tomcatVirtualThreadsProtocolHandlerCustomizer:
      Did not match:
         - @ConditionalOnThreading did not find VIRTUAL (OnThreadingCondition)

   TransactionAutoConfiguration#transactionalOperator:
      Did not match:
         - @ConditionalOnSingleCandidate (types: org.springframework.transaction.ReactiveTransactionManager; SearchStrategy: all) did not find any beans (OnBeanCondition)

   TransactionAutoConfiguration.AspectJTransactionManagementConfiguration:
      Did not match:
         - @ConditionalOnBean (types: org.springframework.transaction.aspectj.AbstractTransactionAspect; SearchStrategy: all) did not find any beans of type org.springframework.transaction.aspectj.AbstractTransactionAspect (OnBeanCondition)

   TransactionAutoConfiguration.EnableTransactionManagementConfiguration.JdkDynamicAutoProxyConfiguration:
      Did not match:
         - @ConditionalOnBooleanProperty (spring.aop.proxy-target-class=false) did not find property 'spring.aop.proxy-target-class' (OnPropertyCondition)

   UserDetailsServiceAutoConfiguration:
      Did not match:
         - @ConditionalOnMissingBean (types: org.springframework.security.authentication.AuthenticationManager,org.springframework.security.authentication.AuthenticationProvider,org.springframework.security.core.userdetails.UserDetailsService,org.springframework.security.authentication.AuthenticationManagerResolver,org.springframework.security.oauth2.jwt.JwtDecoder; SearchStrategy: all) found beans of type 'org.springframework.security.authentication.AuthenticationManager' authenticationManager and found beans of type 'org.springframework.security.core.userdetails.UserDetailsService' appUserDetailsService (OnBeanCondition)
      Matched:
         - @ConditionalOnClass found required class 'org.springframework.security.authentication.AuthenticationManager' (OnClassCondition)
         - found 'session' scope (OnWebApplicationCondition)
         - AnyNestedCondition 1 matched 2 did not; NestedCondition on MissingAlternativeUserDetailsManagerOrUserPropertiesConfigured.PasswordConfigured @ConditionalOnProperty (spring.security.user.password) did not find property 'spring.security.user.password'; NestedCondition on MissingAlternativeUserDetailsManagerOrUserPropertiesConfigured.NameConfigured @ConditionalOnProperty (spring.security.user.name) did not find property 'spring.security.user.name'; NestedCondition on MissingAlternativeUserDetailsManagerOrUserPropertiesConfigured.MissingAlternative @ConditionalOnMissingClass did not find unwanted classes 'org.springframework.security.oauth2.client.registration.ClientRegistrationRepository', 'org.springframework.security.oauth2.server.resource.introspection.OpaqueTokenIntrospector', 'org.springframework.security.saml2.provider.service.registration.RelyingPartyRegistrationRepository' (MissingAlternativeUserDetailsManagerOrUserPropertiesConfigured)

   WebMvcAutoConfiguration#hiddenHttpMethodFilter:
      Did not match:
         - @ConditionalOnBooleanProperty (spring.mvc.hiddenmethod.filter.enabled=true) did not find property 'spring.mvc.hiddenmethod.filter.enabled' (OnPropertyCondition)

   WebMvcAutoConfiguration.ProblemDetailsErrorHandlingConfiguration:
      Did not match:
         - @ConditionalOnBooleanProperty (spring.mvc.problemdetails.enabled=true) did not find property 'spring.mvc.problemdetails.enabled' (OnPropertyCondition)

   WebMvcAutoConfiguration.ResourceChainCustomizerConfiguration:
      Did not match:
         - @ConditionalOnEnabledResourceChain did not find class org.webjars.WebJarVersionLocator (OnEnabledResourceChainCondition)

   WebMvcAutoConfiguration.WebMvcAutoConfigurationAdapter#beanNameViewResolver:
      Did not match:
         - @ConditionalOnMissingBean (types: org.springframework.web.servlet.view.BeanNameViewResolver; SearchStrategy: all) found beans of type 'org.springframework.web.servlet.view.BeanNameViewResolver' beanNameViewResolver (OnBeanCondition)

   WebMvcHealthEndpointExtensionAutoConfiguration:
      Did not match:
         - @ConditionalOnClass did not find required class 'org.springframework.boot.health.actuate.endpoint.HealthEndpoint' (OnClassCondition)

   WebMvcMappingsAutoConfiguration:
      Did not match:
         - @ConditionalOnClass did not find required class 'org.springframework.boot.actuate.autoconfigure.endpoint.condition.ConditionalOnAvailableEndpoint' (OnClassCondition)

   WebMvcObservationAutoConfiguration:
      Did not match:
         - @ConditionalOnClass did not find required class 'org.springframework.boot.micrometer.observation.autoconfigure.ObservationProperties' (OnClassCondition)

   XADataSourceAutoConfiguration:
      Did not match:
         - @ConditionalOnBean (types: org.springframework.boot.jdbc.XADataSourceWrapper; SearchStrategy: all) did not find any beans of type org.springframework.boot.jdbc.XADataSourceWrapper (OnBeanCondition)
      Matched:
         - @ConditionalOnClass found required classes 'javax.sql.DataSource', 'jakarta.transaction.TransactionManager', 'org.springframework.jdbc.datasource.embedded.EmbeddedDatabaseType' (OnClassCondition)


Exclusions:
-----------

    None


Unconditional classes:
----------------------

    org.springframework.boot.autoconfigure.context.ConfigurationPropertiesAutoConfiguration

    org.springframework.boot.autoconfigure.ssl.SslAutoConfiguration

    org.springframework.boot.autoconfigure.context.LifecycleAutoConfiguration

    org.springframework.boot.autoconfigure.context.PropertyPlaceholderAutoConfiguration

    org.springframework.boot.autoconfigure.availability.ApplicationAvailabilityAutoConfiguration

    org.springframework.boot.autoconfigure.info.ProjectInfoAutoConfiguration



2026-05-29T13:13:37.628+08:00  INFO 5068 --- [blood_plus] [           main] c.h.blood_plus.BloodPlusApplication      : Started BloodPlusApplication in 9.177 seconds (process running for 9.576)
2026-05-29T13:13:37.629+08:00 DEBUG 5068 --- [blood_plus] [           main] o.s.b.a.ApplicationAvailabilityBean      : Application availability state LivenessState changed to CORRECT
2026-05-29T13:13:37.736+08:00 DEBUG 5068 --- [blood_plus] [           main] org.hibernate.SQL                        : select au1_0.id from users au1_0 where au1_0.role=? limit ?
Admin already exists, skip setup.
2026-05-29T13:13:37.755+08:00 DEBUG 5068 --- [blood_plus] [           main] o.s.b.a.ApplicationAvailabilityBean      : Application availability state ReadinessState changed to ACCEPTING_TRAFFIC
2026-05-29T13:15:00.023+08:00 DEBUG 5068 --- [blood_plus] [   scheduling-1] org.hibernate.SQL                        : select bb1_0.id,bb1_0.blood_type,bb1_0.collected_at,bb1_0.component_type,bb1_0.created_at,bb1_0.discard_reason,bb1_0.expires_at,bb1_0.open_system,bb1_0.open_system_at,bb1_0.received_by,bb1_0.remarks,bb1_0.rh_type,bb1_0.serial_number,bb1_0.source,bb1_0.status,bb1_0.transaction_number,bb1_0.volume_ml from blood_bags bb1_0 where bb1_0.status=? and bb1_0.expires_at<?
2026-05-29T13:15:00.039+08:00 DEBUG 5068 --- [blood_plus] [   scheduling-1] org.hibernate.SQL                        : select bb1_0.id,bb1_0.blood_type,bb1_0.collected_at,bb1_0.component_type,bb1_0.created_at,bb1_0.discard_reason,bb1_0.expires_at,bb1_0.open_system,bb1_0.open_system_at,bb1_0.received_by,bb1_0.remarks,bb1_0.rh_type,bb1_0.serial_number,bb1_0.source,bb1_0.status,bb1_0.transaction_number,bb1_0.volume_ml from blood_bags bb1_0 where bb1_0.status=? and bb1_0.open_system=? and bb1_0.open_system_at<?
2026-05-29T13:20:00.024+08:00 DEBUG 5068 --- [blood_plus] [   scheduling-1] org.hibernate.SQL                        : select bb1_0.id,bb1_0.blood_type,bb1_0.collected_at,bb1_0.component_type,bb1_0.created_at,bb1_0.discard_reason,bb1_0.expires_at,bb1_0.open_system,bb1_0.open_system_at,bb1_0.received_by,bb1_0.remarks,bb1_0.rh_type,bb1_0.serial_number,bb1_0.source,bb1_0.status,bb1_0.transaction_number,bb1_0.volume_ml from blood_bags bb1_0 where bb1_0.status=? and bb1_0.open_system=? and bb1_0.open_system_at<?
2026-05-29T13:20:00.031+08:00 DEBUG 5068 --- [blood_plus] [   scheduling-1] org.hibernate.SQL                        : select bb1_0.id,bb1_0.blood_type,bb1_0.collected_at,bb1_0.component_type,bb1_0.created_at,bb1_0.discard_reason,bb1_0.expires_at,bb1_0.open_system,bb1_0.open_system_at,bb1_0.received_by,bb1_0.remarks,bb1_0.rh_type,bb1_0.serial_number,bb1_0.source,bb1_0.status,bb1_0.transaction_number,bb1_0.volume_ml from blood_bags bb1_0 where bb1_0.status=? and bb1_0.expires_at<?
2026-05-29T13:25:00.012+08:00 DEBUG 5068 --- [blood_plus] [   scheduling-1] org.hibernate.SQL                        : select bb1_0.id,bb1_0.blood_type,bb1_0.collected_at,bb1_0.component_type,bb1_0.created_at,bb1_0.discard_reason,bb1_0.expires_at,bb1_0.open_system,bb1_0.open_system_at,bb1_0.received_by,bb1_0.remarks,bb1_0.rh_type,bb1_0.serial_number,bb1_0.source,bb1_0.status,bb1_0.transaction_number,bb1_0.volume_ml from blood_bags bb1_0 where bb1_0.status=? and bb1_0.expires_at<?
2026-05-29T13:25:00.028+08:00 DEBUG 5068 --- [blood_plus] [   scheduling-1] org.hibernate.SQL                        : select bb1_0.id,bb1_0.blood_type,bb1_0.collected_at,bb1_0.component_type,bb1_0.created_at,bb1_0.discard_reason,bb1_0.expires_at,bb1_0.open_system,bb1_0.open_system_at,bb1_0.received_by,bb1_0.remarks,bb1_0.rh_type,bb1_0.serial_number,bb1_0.source,bb1_0.status,bb1_0.transaction_number,bb1_0.volume_ml from blood_bags bb1_0 where bb1_0.status=? and bb1_0.open_system=? and bb1_0.open_system_at<?
2026-05-29T13:30:00.003+08:00 DEBUG 5068 --- [blood_plus] [   scheduling-1] org.hibernate.SQL                        : select bb1_0.id,bb1_0.blood_type,bb1_0.collected_at,bb1_0.component_type,bb1_0.created_at,bb1_0.discard_reason,bb1_0.expires_at,bb1_0.open_system,bb1_0.open_system_at,bb1_0.received_by,bb1_0.remarks,bb1_0.rh_type,bb1_0.serial_number,bb1_0.source,bb1_0.status,bb1_0.transaction_number,bb1_0.volume_ml from blood_bags bb1_0 where bb1_0.status=? and bb1_0.open_system=? and bb1_0.open_system_at<?
2026-05-29T13:30:00.015+08:00 DEBUG 5068 --- [blood_plus] [   scheduling-1] org.hibernate.SQL                        : select bb1_0.id,bb1_0.blood_type,bb1_0.collected_at,bb1_0.component_type,bb1_0.created_at,bb1_0.discard_reason,bb1_0.expires_at,bb1_0.open_system,bb1_0.open_system_at,bb1_0.received_by,bb1_0.remarks,bb1_0.rh_type,bb1_0.serial_number,bb1_0.source,bb1_0.status,bb1_0.transaction_number,bb1_0.volume_ml from blood_bags bb1_0 where bb1_0.status=? and bb1_0.expires_at<?
2026-05-29T13:35:00.015+08:00 DEBUG 5068 --- [blood_plus] [   scheduling-1] org.hibernate.SQL                        : select bb1_0.id,bb1_0.blood_type,bb1_0.collected_at,bb1_0.component_type,bb1_0.created_at,bb1_0.discard_reason,bb1_0.expires_at,bb1_0.open_system,bb1_0.open_system_at,bb1_0.received_by,bb1_0.remarks,bb1_0.rh_type,bb1_0.serial_number,bb1_0.source,bb1_0.status,bb1_0.transaction_number,bb1_0.volume_ml from blood_bags bb1_0 where bb1_0.status=? and bb1_0.expires_at<?
2026-05-29T13:35:00.024+08:00 DEBUG 5068 --- [blood_plus] [   scheduling-1] org.hibernate.SQL                        : select bb1_0.id,bb1_0.blood_type,bb1_0.collected_at,bb1_0.component_type,bb1_0.created_at,bb1_0.discard_reason,bb1_0.expires_at,bb1_0.open_system,bb1_0.open_system_at,bb1_0.received_by,bb1_0.remarks,bb1_0.rh_type,bb1_0.serial_number,bb1_0.source,bb1_0.status,bb1_0.transaction_number,bb1_0.volume_ml from blood_bags bb1_0 where bb1_0.status=? and bb1_0.open_system=? and bb1_0.open_system_at<?
2026-05-29T13:40:00.014+08:00 DEBUG 5068 --- [blood_plus] [   scheduling-1] org.hibernate.SQL                        : select bb1_0.id,bb1_0.blood_type,bb1_0.collected_at,bb1_0.component_type,bb1_0.created_at,bb1_0.discard_reason,bb1_0.expires_at,bb1_0.open_system,bb1_0.open_system_at,bb1_0.received_by,bb1_0.remarks,bb1_0.rh_type,bb1_0.serial_number,bb1_0.source,bb1_0.status,bb1_0.transaction_number,bb1_0.volume_ml from blood_bags bb1_0 where bb1_0.status=? and bb1_0.expires_at<?
2026-05-29T13:40:00.023+08:00 DEBUG 5068 --- [blood_plus] [   scheduling-1] org.hibernate.SQL                        : select bb1_0.id,bb1_0.blood_type,bb1_0.collected_at,bb1_0.component_type,bb1_0.created_at,bb1_0.discard_reason,bb1_0.expires_at,bb1_0.open_system,bb1_0.open_system_at,bb1_0.received_by,bb1_0.remarks,bb1_0.rh_type,bb1_0.serial_number,bb1_0.source,bb1_0.status,bb1_0.transaction_number,bb1_0.volume_ml from blood_bags bb1_0 where bb1_0.status=? and bb1_0.open_system=? and bb1_0.open_system_at<?
2026-05-29T13:45:00.010+08:00 DEBUG 5068 --- [blood_plus] [   scheduling-1] org.hibernate.SQL                        : select bb1_0.id,bb1_0.blood_type,bb1_0.collected_at,bb1_0.component_type,bb1_0.created_at,bb1_0.discard_reason,bb1_0.expires_at,bb1_0.open_system,bb1_0.open_system_at,bb1_0.received_by,bb1_0.remarks,bb1_0.rh_type,bb1_0.serial_number,bb1_0.source,bb1_0.status,bb1_0.transaction_number,bb1_0.volume_ml from blood_bags bb1_0 where bb1_0.status=? and bb1_0.expires_at<?
2026-05-29T13:45:00.021+08:00 DEBUG 5068 --- [blood_plus] [   scheduling-1] org.hibernate.SQL                        : select bb1_0.id,bb1_0.blood_type,bb1_0.collected_at,bb1_0.component_type,bb1_0.created_at,bb1_0.discard_reason,bb1_0.expires_at,bb1_0.open_system,bb1_0.open_system_at,bb1_0.received_by,bb1_0.remarks,bb1_0.rh_type,bb1_0.serial_number,bb1_0.source,bb1_0.status,bb1_0.transaction_number,bb1_0.volume_ml from blood_bags bb1_0 where bb1_0.status=? and bb1_0.open_system=? and bb1_0.open_system_at<?
2026-05-29T13:50:00.017+08:00 DEBUG 5068 --- [blood_plus] [   scheduling-1] org.hibernate.SQL                        : select bb1_0.id,bb1_0.blood_type,bb1_0.collected_at,bb1_0.component_type,bb1_0.created_at,bb1_0.discard_reason,bb1_0.expires_at,bb1_0.open_system,bb1_0.open_system_at,bb1_0.received_by,bb1_0.remarks,bb1_0.rh_type,bb1_0.serial_number,bb1_0.source,bb1_0.status,bb1_0.transaction_number,bb1_0.volume_ml from blood_bags bb1_0 where bb1_0.status=? and bb1_0.expires_at<?
2026-05-29T13:50:00.025+08:00 DEBUG 5068 --- [blood_plus] [   scheduling-1] org.hibernate.SQL                        : select bb1_0.id,bb1_0.blood_type,bb1_0.collected_at,bb1_0.component_type,bb1_0.created_at,bb1_0.discard_reason,bb1_0.expires_at,bb1_0.open_system,bb1_0.open_system_at,bb1_0.received_by,bb1_0.remarks,bb1_0.rh_type,bb1_0.serial_number,bb1_0.source,bb1_0.status,bb1_0.transaction_number,bb1_0.volume_ml from blood_bags bb1_0 where bb1_0.status=? and bb1_0.open_system=? and bb1_0.open_system_at<?
2026-05-29T13:55:00.012+08:00 DEBUG 5068 --- [blood_plus] [   scheduling-1] org.hibernate.SQL                        : select bb1_0.id,bb1_0.blood_type,bb1_0.collected_at,bb1_0.component_type,bb1_0.created_at,bb1_0.discard_reason,bb1_0.expires_at,bb1_0.open_system,bb1_0.open_system_at,bb1_0.received_by,bb1_0.remarks,bb1_0.rh_type,bb1_0.serial_number,bb1_0.source,bb1_0.status,bb1_0.transaction_number,bb1_0.volume_ml from blood_bags bb1_0 where bb1_0.status=? and bb1_0.open_system=? and bb1_0.open_system_at<?
2026-05-29T13:55:00.022+08:00 DEBUG 5068 --- [blood_plus] [   scheduling-1] org.hibernate.SQL                        : select bb1_0.id,bb1_0.blood_type,bb1_0.collected_at,bb1_0.component_type,bb1_0.created_at,bb1_0.discard_reason,bb1_0.expires_at,bb1_0.open_system,bb1_0.open_system_at,bb1_0.received_by,bb1_0.remarks,bb1_0.rh_type,bb1_0.serial_number,bb1_0.source,bb1_0.status,bb1_0.transaction_number,bb1_0.volume_ml from blood_bags bb1_0 where bb1_0.status=? and bb1_0.expires_at<?
2026-05-29T14:00:00.009+08:00 DEBUG 5068 --- [blood_plus] [   scheduling-1] org.hibernate.SQL                        : select bb1_0.id,bb1_0.blood_type,bb1_0.collected_at,bb1_0.component_type,bb1_0.created_at,bb1_0.discard_reason,bb1_0.expires_at,bb1_0.open_system,bb1_0.open_system_at,bb1_0.received_by,bb1_0.remarks,bb1_0.rh_type,bb1_0.serial_number,bb1_0.source,bb1_0.status,bb1_0.transaction_number,bb1_0.volume_ml from blood_bags bb1_0 where bb1_0.status=? and bb1_0.open_system=? and bb1_0.open_system_at<?
2026-05-29T14:00:00.020+08:00 DEBUG 5068 --- [blood_plus] [   scheduling-1] org.hibernate.SQL                        : select bb1_0.id,bb1_0.blood_type,bb1_0.collected_at,bb1_0.component_type,bb1_0.created_at,bb1_0.discard_reason,bb1_0.expires_at,bb1_0.open_system,bb1_0.open_system_at,bb1_0.received_by,bb1_0.remarks,bb1_0.rh_type,bb1_0.serial_number,bb1_0.source,bb1_0.status,bb1_0.transaction_number,bb1_0.volume_ml from blood_bags bb1_0 where bb1_0.status=? and bb1_0.expires_at<?
2026-05-29T14:00:00.042+08:00 DEBUG 5068 --- [blood_plus] [   scheduling-1] org.hibernate.SQL                        : update blood_bags bb1_0 set status='EXPIRED' where bb1_0.status='AVAILABLE' and bb1_0.expires_at<?
Expired blood bags updated: 0
2026-05-29T14:05:00.013+08:00 DEBUG 5068 --- [blood_plus] [   scheduling-1] org.hibernate.SQL                        : select bb1_0.id,bb1_0.blood_type,bb1_0.collected_at,bb1_0.component_type,bb1_0.created_at,bb1_0.discard_reason,bb1_0.expires_at,bb1_0.open_system,bb1_0.open_system_at,bb1_0.received_by,bb1_0.remarks,bb1_0.rh_type,bb1_0.serial_number,bb1_0.source,bb1_0.status,bb1_0.transaction_number,bb1_0.volume_ml from blood_bags bb1_0 where bb1_0.status=? and bb1_0.expires_at<?
2026-05-29T14:05:00.022+08:00 DEBUG 5068 --- [blood_plus] [   scheduling-1] org.hibernate.SQL                        : select bb1_0.id,bb1_0.blood_type,bb1_0.collected_at,bb1_0.component_type,bb1_0.created_at,bb1_0.discard_reason,bb1_0.expires_at,bb1_0.open_system,bb1_0.open_system_at,bb1_0.received_by,bb1_0.remarks,bb1_0.rh_type,bb1_0.serial_number,bb1_0.source,bb1_0.status,bb1_0.transaction_number,bb1_0.volume_ml from blood_bags bb1_0 where bb1_0.status=? and bb1_0.open_system=? and bb1_0.open_system_at<?
2026-05-29T14:10:00.012+08:00 DEBUG 5068 --- [blood_plus] [   scheduling-1] org.hibernate.SQL                        : select bb1_0.id,bb1_0.blood_type,bb1_0.collected_at,bb1_0.component_type,bb1_0.created_at,bb1_0.discard_reason,bb1_0.expires_at,bb1_0.open_system,bb1_0.open_system_at,bb1_0.received_by,bb1_0.remarks,bb1_0.rh_type,bb1_0.serial_number,bb1_0.source,bb1_0.status,bb1_0.transaction_number,bb1_0.volume_ml from blood_bags bb1_0 where bb1_0.status=? and bb1_0.expires_at<?
2026-05-29T14:10:00.020+08:00 DEBUG 5068 --- [blood_plus] [   scheduling-1] org.hibernate.SQL                        : select bb1_0.id,bb1_0.blood_type,bb1_0.collected_at,bb1_0.component_type,bb1_0.created_at,bb1_0.discard_reason,bb1_0.expires_at,bb1_0.open_system,bb1_0.open_system_at,bb1_0.received_by,bb1_0.remarks,bb1_0.rh_type,bb1_0.serial_number,bb1_0.source,bb1_0.status,bb1_0.transaction_number,bb1_0.volume_ml from blood_bags bb1_0 where bb1_0.status=? and bb1_0.open_system=? and bb1_0.open_system_at<?
2026-05-29T14:15:00.005+08:00 DEBUG 5068 --- [blood_plus] [   scheduling-1] org.hibernate.SQL                        : select bb1_0.id,bb1_0.blood_type,bb1_0.collected_at,bb1_0.component_type,bb1_0.created_at,bb1_0.discard_reason,bb1_0.expires_at,bb1_0.open_system,bb1_0.open_system_at,bb1_0.received_by,bb1_0.remarks,bb1_0.rh_type,bb1_0.serial_number,bb1_0.source,bb1_0.status,bb1_0.transaction_number,bb1_0.volume_ml from blood_bags bb1_0 where bb1_0.status=? and bb1_0.expires_at<?
2026-05-29T14:15:00.013+08:00 DEBUG 5068 --- [blood_plus] [   scheduling-1] org.hibernate.SQL                        : select bb1_0.id,bb1_0.blood_type,bb1_0.collected_at,bb1_0.component_type,bb1_0.created_at,bb1_0.discard_reason,bb1_0.expires_at,bb1_0.open_system,bb1_0.open_system_at,bb1_0.received_by,bb1_0.remarks,bb1_0.rh_type,bb1_0.serial_number,bb1_0.source,bb1_0.status,bb1_0.transaction_number,bb1_0.volume_ml from blood_bags bb1_0 where bb1_0.status=? and bb1_0.open_system=? and bb1_0.open_system_at<?
2026-05-29T14:20:00.008+08:00 DEBUG 5068 --- [blood_plus] [   scheduling-1] org.hibernate.SQL                        : select bb1_0.id,bb1_0.blood_type,bb1_0.collected_at,bb1_0.component_type,bb1_0.created_at,bb1_0.discard_reason,bb1_0.expires_at,bb1_0.open_system,bb1_0.open_system_at,bb1_0.received_by,bb1_0.remarks,bb1_0.rh_type,bb1_0.serial_number,bb1_0.source,bb1_0.status,bb1_0.transaction_number,bb1_0.volume_ml from blood_bags bb1_0 where bb1_0.status=? and bb1_0.open_system=? and bb1_0.open_system_at<?
2026-05-29T14:20:00.016+08:00 DEBUG 5068 --- [blood_plus] [   scheduling-1] org.hibernate.SQL                        : select bb1_0.id,bb1_0.blood_type,bb1_0.collected_at,bb1_0.component_type,bb1_0.created_at,bb1_0.discard_reason,bb1_0.expires_at,bb1_0.open_system,bb1_0.open_system_at,bb1_0.received_by,bb1_0.remarks,bb1_0.rh_type,bb1_0.serial_number,bb1_0.source,bb1_0.status,bb1_0.transaction_number,bb1_0.volume_ml from blood_bags bb1_0 where bb1_0.status=? and bb1_0.expires_at<?
2026-05-29T14:25:00.011+08:00 DEBUG 5068 --- [blood_plus] [   scheduling-1] org.hibernate.SQL                        : select bb1_0.id,bb1_0.blood_type,bb1_0.collected_at,bb1_0.component_type,bb1_0.created_at,bb1_0.discard_reason,bb1_0.expires_at,bb1_0.open_system,bb1_0.open_system_at,bb1_0.received_by,bb1_0.remarks,bb1_0.rh_type,bb1_0.serial_number,bb1_0.source,bb1_0.status,bb1_0.transaction_number,bb1_0.volume_ml from blood_bags bb1_0 where bb1_0.status=? and bb1_0.open_system=? and bb1_0.open_system_at<?
2026-05-29T14:25:00.019+08:00 DEBUG 5068 --- [blood_plus] [   scheduling-1] org.hibernate.SQL                        : select bb1_0.id,bb1_0.blood_type,bb1_0.collected_at,bb1_0.component_type,bb1_0.created_at,bb1_0.discard_reason,bb1_0.expires_at,bb1_0.open_system,bb1_0.open_system_at,bb1_0.received_by,bb1_0.remarks,bb1_0.rh_type,bb1_0.serial_number,bb1_0.source,bb1_0.status,bb1_0.transaction_number,bb1_0.volume_ml from blood_bags bb1_0 where bb1_0.status=? and bb1_0.expires_at<?
2026-05-29T14:30:00.015+08:00 DEBUG 5068 --- [blood_plus] [   scheduling-1] org.hibernate.SQL                        : select bb1_0.id,bb1_0.blood_type,bb1_0.collected_at,bb1_0.component_type,bb1_0.created_at,bb1_0.discard_reason,bb1_0.expires_at,bb1_0.open_system,bb1_0.open_system_at,bb1_0.received_by,bb1_0.remarks,bb1_0.rh_type,bb1_0.serial_number,bb1_0.source,bb1_0.status,bb1_0.transaction_number,bb1_0.volume_ml from blood_bags bb1_0 where bb1_0.status=? and bb1_0.open_system=? and bb1_0.open_system_at<?
2026-05-29T14:30:00.025+08:00 DEBUG 5068 --- [blood_plus] [   scheduling-1] org.hibernate.SQL                        : select bb1_0.id,bb1_0.blood_type,bb1_0.collected_at,bb1_0.component_type,bb1_0.created_at,bb1_0.discard_reason,bb1_0.expires_at,bb1_0.open_system,bb1_0.open_system_at,bb1_0.received_by,bb1_0.remarks,bb1_0.rh_type,bb1_0.serial_number,bb1_0.source,bb1_0.status,bb1_0.transaction_number,bb1_0.volume_ml from blood_bags bb1_0 where bb1_0.status=? and bb1_0.expires_at<?
2026-05-29T14:35:00.002+08:00 DEBUG 5068 --- [blood_plus] [   scheduling-1] org.hibernate.SQL                        : select bb1_0.id,bb1_0.blood_type,bb1_0.collected_at,bb1_0.component_type,bb1_0.created_at,bb1_0.discard_reason,bb1_0.expires_at,bb1_0.open_system,bb1_0.open_system_at,bb1_0.received_by,bb1_0.remarks,bb1_0.rh_type,bb1_0.serial_number,bb1_0.source,bb1_0.status,bb1_0.transaction_number,bb1_0.volume_ml from blood_bags bb1_0 where bb1_0.status=? and bb1_0.open_system=? and bb1_0.open_system_at<?
2026-05-29T14:35:00.010+08:00 DEBUG 5068 --- [blood_plus] [   scheduling-1] org.hibernate.SQL                        : select bb1_0.id,bb1_0.blood_type,bb1_0.collected_at,bb1_0.component_type,bb1_0.created_at,bb1_0.discard_reason,bb1_0.expires_at,bb1_0.open_system,bb1_0.open_system_at,bb1_0.received_by,bb1_0.remarks,bb1_0.rh_type,bb1_0.serial_number,bb1_0.source,bb1_0.status,bb1_0.transaction_number,bb1_0.volume_ml from blood_bags bb1_0 where bb1_0.status=? and bb1_0.expires_at<?
2026-05-29T14:40:00.008+08:00 DEBUG 5068 --- [blood_plus] [   scheduling-1] org.hibernate.SQL                        : select bb1_0.id,bb1_0.blood_type,bb1_0.collected_at,bb1_0.component_type,bb1_0.created_at,bb1_0.discard_reason,bb1_0.expires_at,bb1_0.open_system,bb1_0.open_system_at,bb1_0.received_by,bb1_0.remarks,bb1_0.rh_type,bb1_0.serial_number,bb1_0.source,bb1_0.status,bb1_0.transaction_number,bb1_0.volume_ml from blood_bags bb1_0 where bb1_0.status=? and bb1_0.expires_at<?
2026-05-29T14:40:00.016+08:00 DEBUG 5068 --- [blood_plus] [   scheduling-1] org.hibernate.SQL                        : select bb1_0.id,bb1_0.blood_type,bb1_0.collected_at,bb1_0.component_type,bb1_0.created_at,bb1_0.discard_reason,bb1_0.expires_at,bb1_0.open_system,bb1_0.open_system_at,bb1_0.received_by,bb1_0.remarks,bb1_0.rh_type,bb1_0.serial_number,bb1_0.source,bb1_0.status,bb1_0.transaction_number,bb1_0.volume_ml from blood_bags bb1_0 where bb1_0.status=? and bb1_0.open_system=? and bb1_0.open_system_at<?
2026-05-29T14:45:00.013+08:00 DEBUG 5068 --- [blood_plus] [   scheduling-1] org.hibernate.SQL                        : select bb1_0.id,bb1_0.blood_type,bb1_0.collected_at,bb1_0.component_type,bb1_0.created_at,bb1_0.discard_reason,bb1_0.expires_at,bb1_0.open_system,bb1_0.open_system_at,bb1_0.received_by,bb1_0.remarks,bb1_0.rh_type,bb1_0.serial_number,bb1_0.source,bb1_0.status,bb1_0.transaction_number,bb1_0.volume_ml from blood_bags bb1_0 where bb1_0.status=? and bb1_0.open_system=? and bb1_0.open_system_at<?
2026-05-29T14:45:00.022+08:00 DEBUG 5068 --- [blood_plus] [   scheduling-1] org.hibernate.SQL                        : select bb1_0.id,bb1_0.blood_type,bb1_0.collected_at,bb1_0.component_type,bb1_0.created_at,bb1_0.discard_reason,bb1_0.expires_at,bb1_0.open_system,bb1_0.open_system_at,bb1_0.received_by,bb1_0.remarks,bb1_0.rh_type,bb1_0.serial_number,bb1_0.source,bb1_0.status,bb1_0.transaction_number,bb1_0.volume_ml from blood_bags bb1_0 where bb1_0.status=? and bb1_0.expires_at<?
2026-05-29T14:50:00.003+08:00 DEBUG 5068 --- [blood_plus] [   scheduling-1] org.hibernate.SQL                        : select bb1_0.id,bb1_0.blood_type,bb1_0.collected_at,bb1_0.component_type,bb1_0.created_at,bb1_0.discard_reason,bb1_0.expires_at,bb1_0.open_system,bb1_0.open_system_at,bb1_0.received_by,bb1_0.remarks,bb1_0.rh_type,bb1_0.serial_number,bb1_0.source,bb1_0.status,bb1_0.transaction_number,bb1_0.volume_ml from blood_bags bb1_0 where bb1_0.status=? and bb1_0.open_system=? and bb1_0.open_system_at<?
2026-05-29T14:50:00.003+08:00 DEBUG 5068 --- [blood_plus] [   scheduling-1] org.hibernate.SQL                        : select bb1_0.id,bb1_0.blood_type,bb1_0.collected_at,bb1_0.component_type,bb1_0.created_at,bb1_0.discard_reason,bb1_0.expires_at,bb1_0.open_system,bb1_0.open_system_at,bb1_0.received_by,bb1_0.remarks,bb1_0.rh_type,bb1_0.serial_number,bb1_0.source,bb1_0.status,bb1_0.transaction_number,bb1_0.volume_ml from blood_bags bb1_0 where bb1_0.status=? and bb1_0.expires_at<?
2026-05-29T14:55:00.009+08:00 DEBUG 5068 --- [blood_plus] [   scheduling-1] org.hibernate.SQL                        : select bb1_0.id,bb1_0.blood_type,bb1_0.collected_at,bb1_0.component_type,bb1_0.created_at,bb1_0.discard_reason,bb1_0.expires_at,bb1_0.open_system,bb1_0.open_system_at,bb1_0.received_by,bb1_0.remarks,bb1_0.rh_type,bb1_0.serial_number,bb1_0.source,bb1_0.status,bb1_0.transaction_number,bb1_0.volume_ml from blood_bags bb1_0 where bb1_0.status=? and bb1_0.expires_at<?
2026-05-29T14:55:00.009+08:00 DEBUG 5068 --- [blood_plus] [   scheduling-1] org.hibernate.SQL                        : select bb1_0.id,bb1_0.blood_type,bb1_0.collected_at,bb1_0.component_type,bb1_0.created_at,bb1_0.discard_reason,bb1_0.expires_at,bb1_0.open_system,bb1_0.open_system_at,bb1_0.received_by,bb1_0.remarks,bb1_0.rh_type,bb1_0.serial_number,bb1_0.source,bb1_0.status,bb1_0.transaction_number,bb1_0.volume_ml from blood_bags bb1_0 where bb1_0.status=? and bb1_0.open_system=? and bb1_0.open_system_at<?
2026-05-29T15:00:00.014+08:00 DEBUG 5068 --- [blood_plus] [   scheduling-1] org.hibernate.SQL                        : update blood_bags bb1_0 set status='EXPIRED' where bb1_0.status='AVAILABLE' and bb1_0.expires_at<?
Expired blood bags updated: 0
2026-05-29T15:00:00.034+08:00 DEBUG 5068 --- [blood_plus] [   scheduling-1] org.hibernate.SQL                        : select bb1_0.id,bb1_0.blood_type,bb1_0.collected_at,bb1_0.component_type,bb1_0.created_at,bb1_0.discard_reason,bb1_0.expires_at,bb1_0.open_system,bb1_0.open_system_at,bb1_0.received_by,bb1_0.remarks,bb1_0.rh_type,bb1_0.serial_number,bb1_0.source,bb1_0.status,bb1_0.transaction_number,bb1_0.volume_ml from blood_bags bb1_0 where bb1_0.status=? and bb1_0.open_system=? and bb1_0.open_system_at<?
2026-05-29T15:00:00.041+08:00 DEBUG 5068 --- [blood_plus] [   scheduling-1] org.hibernate.SQL                        : select bb1_0.id,bb1_0.blood_type,bb1_0.collected_at,bb1_0.component_type,bb1_0.created_at,bb1_0.discard_reason,bb1_0.expires_at,bb1_0.open_system,bb1_0.open_system_at,bb1_0.received_by,bb1_0.remarks,bb1_0.rh_type,bb1_0.serial_number,bb1_0.source,bb1_0.status,bb1_0.transaction_number,bb1_0.volume_ml from blood_bags bb1_0 where bb1_0.status=? and bb1_0.expires_at<?
2026-05-29T15:05:00.009+08:00 DEBUG 5068 --- [blood_plus] [   scheduling-1] org.hibernate.SQL                        : select bb1_0.id,bb1_0.blood_type,bb1_0.collected_at,bb1_0.component_type,bb1_0.created_at,bb1_0.discard_reason,bb1_0.expires_at,bb1_0.open_system,bb1_0.open_system_at,bb1_0.received_by,bb1_0.remarks,bb1_0.rh_type,bb1_0.serial_number,bb1_0.source,bb1_0.status,bb1_0.transaction_number,bb1_0.volume_ml from blood_bags bb1_0 where bb1_0.status=? and bb1_0.expires_at<?
2026-05-29T15:05:00.012+08:00 DEBUG 5068 --- [blood_plus] [   scheduling-1] org.hibernate.SQL                        : select bb1_0.id,bb1_0.blood_type,bb1_0.collected_at,bb1_0.component_type,bb1_0.created_at,bb1_0.discard_reason,bb1_0.expires_at,bb1_0.open_system,bb1_0.open_system_at,bb1_0.received_by,bb1_0.remarks,bb1_0.rh_type,bb1_0.serial_number,bb1_0.source,bb1_0.status,bb1_0.transaction_number,bb1_0.volume_ml from blood_bags bb1_0 where bb1_0.status=? and bb1_0.open_system=? and bb1_0.open_system_at<?
2026-05-29T15:10:00.009+08:00 DEBUG 5068 --- [blood_plus] [   scheduling-1] org.hibernate.SQL                        : select bb1_0.id,bb1_0.blood_type,bb1_0.collected_at,bb1_0.component_type,bb1_0.created_at,bb1_0.discard_reason,bb1_0.expires_at,bb1_0.open_system,bb1_0.open_system_at,bb1_0.received_by,bb1_0.remarks,bb1_0.rh_type,bb1_0.serial_number,bb1_0.source,bb1_0.status,bb1_0.transaction_number,bb1_0.volume_ml from blood_bags bb1_0 where bb1_0.status=? and bb1_0.expires_at<?
2026-05-29T15:10:00.017+08:00 DEBUG 5068 --- [blood_plus] [   scheduling-1] org.hibernate.SQL                        : select bb1_0.id,bb1_0.blood_type,bb1_0.collected_at,bb1_0.component_type,bb1_0.created_at,bb1_0.discard_reason,bb1_0.expires_at,bb1_0.open_system,bb1_0.open_system_at,bb1_0.received_by,bb1_0.remarks,bb1_0.rh_type,bb1_0.serial_number,bb1_0.source,bb1_0.status,bb1_0.transaction_number,bb1_0.volume_ml from blood_bags bb1_0 where bb1_0.status=? and bb1_0.open_system=? and bb1_0.open_system_at<?
2026-05-29T15:15:00.008+08:00 DEBUG 5068 --- [blood_plus] [   scheduling-1] org.hibernate.SQL                        : select bb1_0.id,bb1_0.blood_type,bb1_0.collected_at,bb1_0.component_type,bb1_0.created_at,bb1_0.discard_reason,bb1_0.expires_at,bb1_0.open_system,bb1_0.open_system_at,bb1_0.received_by,bb1_0.remarks,bb1_0.rh_type,bb1_0.serial_number,bb1_0.source,bb1_0.status,bb1_0.transaction_number,bb1_0.volume_ml from blood_bags bb1_0 where bb1_0.status=? and bb1_0.expires_at<?
2026-05-29T15:15:00.017+08:00 DEBUG 5068 --- [blood_plus] [   scheduling-1] org.hibernate.SQL                        : select bb1_0.id,bb1_0.blood_type,bb1_0.collected_at,bb1_0.component_type,bb1_0.created_at,bb1_0.discard_reason,bb1_0.expires_at,bb1_0.open_system,bb1_0.open_system_at,bb1_0.received_by,bb1_0.remarks,bb1_0.rh_type,bb1_0.serial_number,bb1_0.source,bb1_0.status,bb1_0.transaction_number,bb1_0.volume_ml from blood_bags bb1_0 where bb1_0.status=? and bb1_0.open_system=? and bb1_0.open_system_at<?
2026-05-29T15:20:00.024+08:00 DEBUG 5068 --- [blood_plus] [   scheduling-1] org.hibernate.SQL                        : select bb1_0.id,bb1_0.blood_type,bb1_0.collected_at,bb1_0.component_type,bb1_0.created_at,bb1_0.discard_reason,bb1_0.expires_at,bb1_0.open_system,bb1_0.open_system_at,bb1_0.received_by,bb1_0.remarks,bb1_0.rh_type,bb1_0.serial_number,bb1_0.source,bb1_0.status,bb1_0.transaction_number,bb1_0.volume_ml from blood_bags bb1_0 where bb1_0.status=? and bb1_0.open_system=? and bb1_0.open_system_at<?
2026-05-29T15:20:00.024+08:00 DEBUG 5068 --- [blood_plus] [   scheduling-1] org.hibernate.SQL                        : select bb1_0.id,bb1_0.blood_type,bb1_0.collected_at,bb1_0.component_type,bb1_0.created_at,bb1_0.discard_reason,bb1_0.expires_at,bb1_0.open_system,bb1_0.open_system_at,bb1_0.received_by,bb1_0.remarks,bb1_0.rh_type,bb1_0.serial_number,bb1_0.source,bb1_0.status,bb1_0.transaction_number,bb1_0.volume_ml from blood_bags bb1_0 where bb1_0.status=? and bb1_0.expires_at<?
2026-05-29T15:25:00.016+08:00 DEBUG 5068 --- [blood_plus] [   scheduling-1] org.hibernate.SQL                        : select bb1_0.id,bb1_0.blood_type,bb1_0.collected_at,bb1_0.component_type,bb1_0.created_at,bb1_0.discard_reason,bb1_0.expires_at,bb1_0.open_system,bb1_0.open_system_at,bb1_0.received_by,bb1_0.remarks,bb1_0.rh_type,bb1_0.serial_number,bb1_0.source,bb1_0.status,bb1_0.transaction_number,bb1_0.volume_ml from blood_bags bb1_0 where bb1_0.status=? and bb1_0.expires_at<?
2026-05-29T15:25:00.024+08:00 DEBUG 5068 --- [blood_plus] [   scheduling-1] org.hibernate.SQL                        : select bb1_0.id,bb1_0.blood_type,bb1_0.collected_at,bb1_0.component_type,bb1_0.created_at,bb1_0.discard_reason,bb1_0.expires_at,bb1_0.open_system,bb1_0.open_system_at,bb1_0.received_by,bb1_0.remarks,bb1_0.rh_type,bb1_0.serial_number,bb1_0.source,bb1_0.status,bb1_0.transaction_number,bb1_0.volume_ml from blood_bags bb1_0 where bb1_0.status=? and bb1_0.open_system=? and bb1_0.open_system_at<?
2026-05-29T15:30:00.011+08:00 DEBUG 5068 --- [blood_plus] [   scheduling-1] org.hibernate.SQL                        : select bb1_0.id,bb1_0.blood_type,bb1_0.collected_at,bb1_0.component_type,bb1_0.created_at,bb1_0.discard_reason,bb1_0.expires_at,bb1_0.open_system,bb1_0.open_system_at,bb1_0.received_by,bb1_0.remarks,bb1_0.rh_type,bb1_0.serial_number,bb1_0.source,bb1_0.status,bb1_0.transaction_number,bb1_0.volume_ml from blood_bags bb1_0 where bb1_0.status=? and bb1_0.expires_at<?
2026-05-29T15:30:00.022+08:00 DEBUG 5068 --- [blood_plus] [   scheduling-1] org.hibernate.SQL                        : select bb1_0.id,bb1_0.blood_type,bb1_0.collected_at,bb1_0.component_type,bb1_0.created_at,bb1_0.discard_reason,bb1_0.expires_at,bb1_0.open_system,bb1_0.open_system_at,bb1_0.received_by,bb1_0.remarks,bb1_0.rh_type,bb1_0.serial_number,bb1_0.source,bb1_0.status,bb1_0.transaction_number,bb1_0.volume_ml from blood_bags bb1_0 where bb1_0.status=? and bb1_0.open_system=? and bb1_0.open_system_at<?
2026-05-29T15:35:00.015+08:00 DEBUG 5068 --- [blood_plus] [   scheduling-1] org.hibernate.SQL                        : select bb1_0.id,bb1_0.blood_type,bb1_0.collected_at,bb1_0.component_type,bb1_0.created_at,bb1_0.discard_reason,bb1_0.expires_at,bb1_0.open_system,bb1_0.open_system_at,bb1_0.received_by,bb1_0.remarks,bb1_0.rh_type,bb1_0.serial_number,bb1_0.source,bb1_0.status,bb1_0.transaction_number,bb1_0.volume_ml from blood_bags bb1_0 where bb1_0.status=? and bb1_0.expires_at<?
2026-05-29T15:35:00.026+08:00 DEBUG 5068 --- [blood_plus] [   scheduling-1] org.hibernate.SQL                        : select bb1_0.id,bb1_0.blood_type,bb1_0.collected_at,bb1_0.component_type,bb1_0.created_at,bb1_0.discard_reason,bb1_0.expires_at,bb1_0.open_system,bb1_0.open_system_at,bb1_0.received_by,bb1_0.remarks,bb1_0.rh_type,bb1_0.serial_number,bb1_0.source,bb1_0.status,bb1_0.transaction_number,bb1_0.volume_ml from blood_bags bb1_0 where bb1_0.status=? and bb1_0.open_system=? and bb1_0.open_system_at<?
2026-05-29T15:40:00.009+08:00 DEBUG 5068 --- [blood_plus] [   scheduling-1] org.hibernate.SQL                        : select bb1_0.id,bb1_0.blood_type,bb1_0.collected_at,bb1_0.component_type,bb1_0.created_at,bb1_0.discard_reason,bb1_0.expires_at,bb1_0.open_system,bb1_0.open_system_at,bb1_0.received_by,bb1_0.remarks,bb1_0.rh_type,bb1_0.serial_number,bb1_0.source,bb1_0.status,bb1_0.transaction_number,bb1_0.volume_ml from blood_bags bb1_0 where bb1_0.status=? and bb1_0.open_system=? and bb1_0.open_system_at<?
2026-05-29T15:40:00.017+08:00 DEBUG 5068 --- [blood_plus] [   scheduling-1] org.hibernate.SQL                        : select bb1_0.id,bb1_0.blood_type,bb1_0.collected_at,bb1_0.component_type,bb1_0.created_at,bb1_0.discard_reason,bb1_0.expires_at,bb1_0.open_system,bb1_0.open_system_at,bb1_0.received_by,bb1_0.remarks,bb1_0.rh_type,bb1_0.serial_number,bb1_0.source,bb1_0.status,bb1_0.transaction_number,bb1_0.volume_ml from blood_bags bb1_0 where bb1_0.status=? and bb1_0.expires_at<?
2026-05-29T17:55:44.030+08:00  WARN 5068 --- [blood_plus] [l-1:housekeeper] com.zaxxer.hikari.pool.HikariPool        : HikariPool-1 - Thread starvation or clock leap detected (housekeeper delta=2h15m9s777ms980µs700ns).
2026-05-29T17:59:54.754+08:00 DEBUG 5068 --- [blood_plus] [   scheduling-1] org.hibernate.SQL                        : select bb1_0.id,bb1_0.blood_type,bb1_0.collected_at,bb1_0.component_type,bb1_0.created_at,bb1_0.discard_reason,bb1_0.expires_at,bb1_0.open_system,bb1_0.open_system_at,bb1_0.received_by,bb1_0.remarks,bb1_0.rh_type,bb1_0.serial_number,bb1_0.source,bb1_0.status,bb1_0.transaction_number,bb1_0.volume_ml from blood_bags bb1_0 where bb1_0.status=? and bb1_0.expires_at<?
2026-05-29T17:59:54.764+08:00 DEBUG 5068 --- [blood_plus] [   scheduling-1] org.hibernate.SQL                        : select bb1_0.id,bb1_0.blood_type,bb1_0.collected_at,bb1_0.component_type,bb1_0.created_at,bb1_0.discard_reason,bb1_0.expires_at,bb1_0.open_system,bb1_0.open_system_at,bb1_0.received_by,bb1_0.remarks,bb1_0.rh_type,bb1_0.serial_number,bb1_0.source,bb1_0.status,bb1_0.transaction_number,bb1_0.volume_ml from blood_bags bb1_0 where bb1_0.status=? and bb1_0.open_system=? and bb1_0.open_system_at<?
2026-05-29T17:59:54.774+08:00 DEBUG 5068 --- [blood_plus] [   scheduling-1] org.hibernate.SQL                        : update blood_bags bb1_0 set status='EXPIRED' where bb1_0.status='AVAILABLE' and bb1_0.expires_at<?
Expired blood bags updated: 0
2026-05-29T18:00:00.010+08:00 DEBUG 5068 --- [blood_plus] [   scheduling-1] org.hibernate.SQL                        : select bb1_0.id,bb1_0.blood_type,bb1_0.collected_at,bb1_0.component_type,bb1_0.created_at,bb1_0.discard_reason,bb1_0.expires_at,bb1_0.open_system,bb1_0.open_system_at,bb1_0.received_by,bb1_0.remarks,bb1_0.rh_type,bb1_0.serial_number,bb1_0.source,bb1_0.status,bb1_0.transaction_number,bb1_0.volume_ml from blood_bags bb1_0 where bb1_0.status=? and bb1_0.expires_at<?
2026-05-29T18:00:00.022+08:00 DEBUG 5068 --- [blood_plus] [   scheduling-1] org.hibernate.SQL                        : update blood_bags bb1_0 set status='EXPIRED' where bb1_0.status='AVAILABLE' and bb1_0.expires_at<?
Expired blood bags updated: 0
2026-05-29T18:00:00.038+08:00 DEBUG 5068 --- [blood_plus] [   scheduling-1] org.hibernate.SQL                        : select bb1_0.id,bb1_0.blood_type,bb1_0.collected_at,bb1_0.component_type,bb1_0.created_at,bb1_0.discard_reason,bb1_0.expires_at,bb1_0.open_system,bb1_0.open_system_at,bb1_0.received_by,bb1_0.remarks,bb1_0.rh_type,bb1_0.serial_number,bb1_0.source,bb1_0.status,bb1_0.transaction_number,bb1_0.volume_ml from blood_bags bb1_0 where bb1_0.status=? and bb1_0.open_system=? and bb1_0.open_system_at<?
2026-05-29T18:05:00.004+08:00 DEBUG 5068 --- [blood_plus] [   scheduling-1] org.hibernate.SQL                        : select bb1_0.id,bb1_0.blood_type,bb1_0.collected_at,bb1_0.component_type,bb1_0.created_at,bb1_0.discard_reason,bb1_0.expires_at,bb1_0.open_system,bb1_0.open_system_at,bb1_0.received_by,bb1_0.remarks,bb1_0.rh_type,bb1_0.serial_number,bb1_0.source,bb1_0.status,bb1_0.transaction_number,bb1_0.volume_ml from blood_bags bb1_0 where bb1_0.status=? and bb1_0.expires_at<?
2026-05-29T18:05:00.015+08:00 DEBUG 5068 --- [blood_plus] [   scheduling-1] org.hibernate.SQL                        : select bb1_0.id,bb1_0.blood_type,bb1_0.collected_at,bb1_0.component_type,bb1_0.created_at,bb1_0.discard_reason,bb1_0.expires_at,bb1_0.open_system,bb1_0.open_system_at,bb1_0.received_by,bb1_0.remarks,bb1_0.rh_type,bb1_0.serial_number,bb1_0.source,bb1_0.status,bb1_0.transaction_number,bb1_0.volume_ml from blood_bags bb1_0 where bb1_0.status=? and bb1_0.open_system=? and bb1_0.open_system_at<?
2026-05-29T18:10:00.015+08:00 DEBUG 5068 --- [blood_plus] [   scheduling-1] org.hibernate.SQL                        : select bb1_0.id,bb1_0.blood_type,bb1_0.collected_at,bb1_0.component_type,bb1_0.created_at,bb1_0.discard_reason,bb1_0.expires_at,bb1_0.open_system,bb1_0.open_system_at,bb1_0.received_by,bb1_0.remarks,bb1_0.rh_type,bb1_0.serial_number,bb1_0.source,bb1_0.status,bb1_0.transaction_number,bb1_0.volume_ml from blood_bags bb1_0 where bb1_0.status=? and bb1_0.expires_at<?
2026-05-29T18:10:00.025+08:00 DEBUG 5068 --- [blood_plus] [   scheduling-1] org.hibernate.SQL                        : select bb1_0.id,bb1_0.blood_type,bb1_0.collected_at,bb1_0.component_type,bb1_0.created_at,bb1_0.discard_reason,bb1_0.expires_at,bb1_0.open_system,bb1_0.open_system_at,bb1_0.received_by,bb1_0.remarks,bb1_0.rh_type,bb1_0.serial_number,bb1_0.source,bb1_0.status,bb1_0.transaction_number,bb1_0.volume_ml from blood_bags bb1_0 where bb1_0.status=? and bb1_0.open_system=? and bb1_0.open_system_at<?
2026-05-29T18:15:00.009+08:00 DEBUG 5068 --- [blood_plus] [   scheduling-1] org.hibernate.SQL                        : select bb1_0.id,bb1_0.blood_type,bb1_0.collected_at,bb1_0.component_type,bb1_0.created_at,bb1_0.discard_reason,bb1_0.expires_at,bb1_0.open_system,bb1_0.open_system_at,bb1_0.received_by,bb1_0.remarks,bb1_0.rh_type,bb1_0.serial_number,bb1_0.source,bb1_0.status,bb1_0.transaction_number,bb1_0.volume_ml from blood_bags bb1_0 where bb1_0.status=? and bb1_0.expires_at<?
2026-05-29T18:15:00.020+08:00 DEBUG 5068 --- [blood_plus] [   scheduling-1] org.hibernate.SQL                        : select bb1_0.id,bb1_0.blood_type,bb1_0.collected_at,bb1_0.component_type,bb1_0.created_at,bb1_0.discard_reason,bb1_0.expires_at,bb1_0.open_system,bb1_0.open_system_at,bb1_0.received_by,bb1_0.remarks,bb1_0.rh_type,bb1_0.serial_number,bb1_0.source,bb1_0.status,bb1_0.transaction_number,bb1_0.volume_ml from blood_bags bb1_0 where bb1_0.status=? and bb1_0.open_system=? and bb1_0.open_system_at<?
2026-05-29T18:20:00.015+08:00 DEBUG 5068 --- [blood_plus] [   scheduling-1] org.hibernate.SQL                        : select bb1_0.id,bb1_0.blood_type,bb1_0.collected_at,bb1_0.component_type,bb1_0.created_at,bb1_0.discard_reason,bb1_0.expires_at,bb1_0.open_system,bb1_0.open_system_at,bb1_0.received_by,bb1_0.remarks,bb1_0.rh_type,bb1_0.serial_number,bb1_0.source,bb1_0.status,bb1_0.transaction_number,bb1_0.volume_ml from blood_bags bb1_0 where bb1_0.status=? and bb1_0.open_system=? and bb1_0.open_system_at<?
2026-05-29T18:20:00.023+08:00 DEBUG 5068 --- [blood_plus] [   scheduling-1] org.hibernate.SQL                        : select bb1_0.id,bb1_0.blood_type,bb1_0.collected_at,bb1_0.component_type,bb1_0.created_at,bb1_0.discard_reason,bb1_0.expires_at,bb1_0.open_system,bb1_0.open_system_at,bb1_0.received_by,bb1_0.remarks,bb1_0.rh_type,bb1_0.serial_number,bb1_0.source,bb1_0.status,bb1_0.transaction_number,bb1_0.volume_ml from blood_bags bb1_0 where bb1_0.status=? and bb1_0.expires_at<?
2026-05-29T18:25:00.015+08:00 DEBUG 5068 --- [blood_plus] [   scheduling-1] org.hibernate.SQL                        : select bb1_0.id,bb1_0.blood_type,bb1_0.collected_at,bb1_0.component_type,bb1_0.created_at,bb1_0.discard_reason,bb1_0.expires_at,bb1_0.open_system,bb1_0.open_system_at,bb1_0.received_by,bb1_0.remarks,bb1_0.rh_type,bb1_0.serial_number,bb1_0.source,bb1_0.status,bb1_0.transaction_number,bb1_0.volume_ml from blood_bags bb1_0 where bb1_0.status=? and bb1_0.open_system=? and bb1_0.open_system_at<?
2026-05-29T18:25:00.023+08:00 DEBUG 5068 --- [blood_plus] [   scheduling-1] org.hibernate.SQL                        : select bb1_0.id,bb1_0.blood_type,bb1_0.collected_at,bb1_0.component_type,bb1_0.created_at,bb1_0.discard_reason,bb1_0.expires_at,bb1_0.open_system,bb1_0.open_system_at,bb1_0.received_by,bb1_0.remarks,bb1_0.rh_type,bb1_0.serial_number,bb1_0.source,bb1_0.status,bb1_0.transaction_number,bb1_0.volume_ml from blood_bags bb1_0 where bb1_0.status=? and bb1_0.expires_at<?
2026-05-29T18:30:00.001+08:00 DEBUG 5068 --- [blood_plus] [   scheduling-1] org.hibernate.SQL                        : select bb1_0.id,bb1_0.blood_type,bb1_0.collected_at,bb1_0.component_type,bb1_0.created_at,bb1_0.discard_reason,bb1_0.expires_at,bb1_0.open_system,bb1_0.open_system_at,bb1_0.received_by,bb1_0.remarks,bb1_0.rh_type,bb1_0.serial_number,bb1_0.source,bb1_0.status,bb1_0.transaction_number,bb1_0.volume_ml from blood_bags bb1_0 where bb1_0.status=? and bb1_0.open_system=? and bb1_0.open_system_at<?
2026-05-29T18:30:00.001+08:00 DEBUG 5068 --- [blood_plus] [   scheduling-1] org.hibernate.SQL                        : select bb1_0.id,bb1_0.blood_type,bb1_0.collected_at,bb1_0.component_type,bb1_0.created_at,bb1_0.discard_reason,bb1_0.expires_at,bb1_0.open_system,bb1_0.open_system_at,bb1_0.received_by,bb1_0.remarks,bb1_0.rh_type,bb1_0.serial_number,bb1_0.source,bb1_0.status,bb1_0.transaction_number,bb1_0.volume_ml from blood_bags bb1_0 where bb1_0.status=? and bb1_0.expires_at<?
2026-05-29T18:35:00.011+08:00 DEBUG 5068 --- [blood_plus] [   scheduling-1] org.hibernate.SQL                        : select bb1_0.id,bb1_0.blood_type,bb1_0.collected_at,bb1_0.component_type,bb1_0.created_at,bb1_0.discard_reason,bb1_0.expires_at,bb1_0.open_system,bb1_0.open_system_at,bb1_0.received_by,bb1_0.remarks,bb1_0.rh_type,bb1_0.serial_number,bb1_0.source,bb1_0.status,bb1_0.transaction_number,bb1_0.volume_ml from blood_bags bb1_0 where bb1_0.status=? and bb1_0.expires_at<?
2026-05-29T18:35:00.020+08:00 DEBUG 5068 --- [blood_plus] [   scheduling-1] org.hibernate.SQL                        : select bb1_0.id,bb1_0.blood_type,bb1_0.collected_at,bb1_0.component_type,bb1_0.created_at,bb1_0.discard_reason,bb1_0.expires_at,bb1_0.open_system,bb1_0.open_system_at,bb1_0.received_by,bb1_0.remarks,bb1_0.rh_type,bb1_0.serial_number,bb1_0.source,bb1_0.status,bb1_0.transaction_number,bb1_0.volume_ml from blood_bags bb1_0 where bb1_0.status=? and bb1_0.open_system=? and bb1_0.open_system_at<?
2026-05-29T18:40:00.009+08:00 DEBUG 5068 --- [blood_plus] [   scheduling-1] org.hibernate.SQL                        : select bb1_0.id,bb1_0.blood_type,bb1_0.collected_at,bb1_0.component_type,bb1_0.created_at,bb1_0.discard_reason,bb1_0.expires_at,bb1_0.open_system,bb1_0.open_system_at,bb1_0.received_by,bb1_0.remarks,bb1_0.rh_type,bb1_0.serial_number,bb1_0.source,bb1_0.status,bb1_0.transaction_number,bb1_0.volume_ml from blood_bags bb1_0 where bb1_0.status=? and bb1_0.expires_at<?
2026-05-29T18:40:00.020+08:00 DEBUG 5068 --- [blood_plus] [   scheduling-1] org.hibernate.SQL                        : select bb1_0.id,bb1_0.blood_type,bb1_0.collected_at,bb1_0.component_type,bb1_0.created_at,bb1_0.discard_reason,bb1_0.expires_at,bb1_0.open_system,bb1_0.open_system_at,bb1_0.received_by,bb1_0.remarks,bb1_0.rh_type,bb1_0.serial_number,bb1_0.source,bb1_0.status,bb1_0.transaction_number,bb1_0.volume_ml from blood_bags bb1_0 where bb1_0.status=? and bb1_0.open_system=? and bb1_0.open_system_at<?
2026-05-29T18:45:00.008+08:00 DEBUG 5068 --- [blood_plus] [   scheduling-1] org.hibernate.SQL                        : select bb1_0.id,bb1_0.blood_type,bb1_0.collected_at,bb1_0.component_type,bb1_0.created_at,bb1_0.discard_reason,bb1_0.expires_at,bb1_0.open_system,bb1_0.open_system_at,bb1_0.received_by,bb1_0.remarks,bb1_0.rh_type,bb1_0.serial_number,bb1_0.source,bb1_0.status,bb1_0.transaction_number,bb1_0.volume_ml from blood_bags bb1_0 where bb1_0.status=? and bb1_0.open_system=? and bb1_0.open_system_at<?
2026-05-29T18:45:00.020+08:00 DEBUG 5068 --- [blood_plus] [   scheduling-1] org.hibernate.SQL                        : select bb1_0.id,bb1_0.blood_type,bb1_0.collected_at,bb1_0.component_type,bb1_0.created_at,bb1_0.discard_reason,bb1_0.expires_at,bb1_0.open_system,bb1_0.open_system_at,bb1_0.received_by,bb1_0.remarks,bb1_0.rh_type,bb1_0.serial_number,bb1_0.source,bb1_0.status,bb1_0.transaction_number,bb1_0.volume_ml from blood_bags bb1_0 where bb1_0.status=? and bb1_0.expires_at<?
2026-05-29T18:50:00.015+08:00 DEBUG 5068 --- [blood_plus] [   scheduling-1] org.hibernate.SQL                        : select bb1_0.id,bb1_0.blood_type,bb1_0.collected_at,bb1_0.component_type,bb1_0.created_at,bb1_0.discard_reason,bb1_0.expires_at,bb1_0.open_system,bb1_0.open_system_at,bb1_0.received_by,bb1_0.remarks,bb1_0.rh_type,bb1_0.serial_number,bb1_0.source,bb1_0.status,bb1_0.transaction_number,bb1_0.volume_ml from blood_bags bb1_0 where bb1_0.status=? and bb1_0.open_system=? and bb1_0.open_system_at<?
2026-05-29T18:50:00.015+08:00 DEBUG 5068 --- [blood_plus] [   scheduling-1] org.hibernate.SQL                        : select bb1_0.id,bb1_0.blood_type,bb1_0.collected_at,bb1_0.component_type,bb1_0.created_at,bb1_0.discard_reason,bb1_0.expires_at,bb1_0.open_system,bb1_0.open_system_at,bb1_0.received_by,bb1_0.remarks,bb1_0.rh_type,bb1_0.serial_number,bb1_0.source,bb1_0.status,bb1_0.transaction_number,bb1_0.volume_ml from blood_bags bb1_0 where bb1_0.status=? and bb1_0.expires_at<?
2026-05-29T18:55:00.016+08:00 DEBUG 5068 --- [blood_plus] [   scheduling-1] org.hibernate.SQL                        : select bb1_0.id,bb1_0.blood_type,bb1_0.collected_at,bb1_0.component_type,bb1_0.created_at,bb1_0.discard_reason,bb1_0.expires_at,bb1_0.open_system,bb1_0.open_system_at,bb1_0.received_by,bb1_0.remarks,bb1_0.rh_type,bb1_0.serial_number,bb1_0.source,bb1_0.status,bb1_0.transaction_number,bb1_0.volume_ml from blood_bags bb1_0 where bb1_0.status=? and bb1_0.expires_at<?
2026-05-29T18:55:00.025+08:00 DEBUG 5068 --- [blood_plus] [   scheduling-1] org.hibernate.SQL                        : select bb1_0.id,bb1_0.blood_type,bb1_0.collected_at,bb1_0.component_type,bb1_0.created_at,bb1_0.discard_reason,bb1_0.expires_at,bb1_0.open_system,bb1_0.open_system_at,bb1_0.received_by,bb1_0.remarks,bb1_0.rh_type,bb1_0.serial_number,bb1_0.source,bb1_0.status,bb1_0.transaction_number,bb1_0.volume_ml from blood_bags bb1_0 where bb1_0.status=? and bb1_0.open_system=? and bb1_0.open_system_at<?
2026-05-29T19:00:00.003+08:00 DEBUG 5068 --- [blood_plus] [   scheduling-1] org.hibernate.SQL                        : select bb1_0.id,bb1_0.blood_type,bb1_0.collected_at,bb1_0.component_type,bb1_0.created_at,bb1_0.discard_reason,bb1_0.expires_at,bb1_0.open_system,bb1_0.open_system_at,bb1_0.received_by,bb1_0.remarks,bb1_0.rh_type,bb1_0.serial_number,bb1_0.source,bb1_0.status,bb1_0.transaction_number,bb1_0.volume_ml from blood_bags bb1_0 where bb1_0.status=? and bb1_0.expires_at<?
2026-05-29T19:00:00.003+08:00 DEBUG 5068 --- [blood_plus] [   scheduling-1] org.hibernate.SQL                        : update blood_bags bb1_0 set status='EXPIRED' where bb1_0.status='AVAILABLE' and bb1_0.expires_at<?
Expired blood bags updated: 0
2026-05-29T19:00:00.034+08:00 DEBUG 5068 --- [blood_plus] [   scheduling-1] org.hibernate.SQL                        : select bb1_0.id,bb1_0.blood_type,bb1_0.collected_at,bb1_0.component_type,bb1_0.created_at,bb1_0.discard_reason,bb1_0.expires_at,bb1_0.open_system,bb1_0.open_system_at,bb1_0.received_by,bb1_0.remarks,bb1_0.rh_type,bb1_0.serial_number,bb1_0.source,bb1_0.status,bb1_0.transaction_number,bb1_0.volume_ml from blood_bags bb1_0 where bb1_0.status=? and bb1_0.open_system=? and bb1_0.open_system_at<?
2026-05-29T19:05:00.007+08:00 DEBUG 5068 --- [blood_plus] [   scheduling-1] org.hibernate.SQL                        : select bb1_0.id,bb1_0.blood_type,bb1_0.collected_at,bb1_0.component_type,bb1_0.created_at,bb1_0.discard_reason,bb1_0.expires_at,bb1_0.open_system,bb1_0.open_system_at,bb1_0.received_by,bb1_0.remarks,bb1_0.rh_type,bb1_0.serial_number,bb1_0.source,bb1_0.status,bb1_0.transaction_number,bb1_0.volume_ml from blood_bags bb1_0 where bb1_0.status=? and bb1_0.open_system=? and bb1_0.open_system_at<?
2026-05-29T19:05:00.018+08:00 DEBUG 5068 --- [blood_plus] [   scheduling-1] org.hibernate.SQL                        : select bb1_0.id,bb1_0.blood_type,bb1_0.collected_at,bb1_0.component_type,bb1_0.created_at,bb1_0.discard_reason,bb1_0.expires_at,bb1_0.open_system,bb1_0.open_system_at,bb1_0.received_by,bb1_0.remarks,bb1_0.rh_type,bb1_0.serial_number,bb1_0.source,bb1_0.status,bb1_0.transaction_number,bb1_0.volume_ml from blood_bags bb1_0 where bb1_0.status=? and bb1_0.expires_at<?
2026-05-29T19:10:00.011+08:00 DEBUG 5068 --- [blood_plus] [   scheduling-1] org.hibernate.SQL                        : select bb1_0.id,bb1_0.blood_type,bb1_0.collected_at,bb1_0.component_type,bb1_0.created_at,bb1_0.discard_reason,bb1_0.expires_at,bb1_0.open_system,bb1_0.open_system_at,bb1_0.received_by,bb1_0.remarks,bb1_0.rh_type,bb1_0.serial_number,bb1_0.source,bb1_0.status,bb1_0.transaction_number,bb1_0.volume_ml from blood_bags bb1_0 where bb1_0.status=? and bb1_0.expires_at<?
2026-05-29T19:10:00.020+08:00 DEBUG 5068 --- [blood_plus] [   scheduling-1] org.hibernate.SQL                        : select bb1_0.id,bb1_0.blood_type,bb1_0.collected_at,bb1_0.component_type,bb1_0.created_at,bb1_0.discard_reason,bb1_0.expires_at,bb1_0.open_system,bb1_0.open_system_at,bb1_0.received_by,bb1_0.remarks,bb1_0.rh_type,bb1_0.serial_number,bb1_0.source,bb1_0.status,bb1_0.transaction_number,bb1_0.volume_ml from blood_bags bb1_0 where bb1_0.status=? and bb1_0.open_system=? and bb1_0.open_system_at<?
2026-05-29T19:15:00.001+08:00 DEBUG 5068 --- [blood_plus] [   scheduling-1] org.hibernate.SQL                        : select bb1_0.id,bb1_0.blood_type,bb1_0.collected_at,bb1_0.component_type,bb1_0.created_at,bb1_0.discard_reason,bb1_0.expires_at,bb1_0.open_system,bb1_0.open_system_at,bb1_0.received_by,bb1_0.remarks,bb1_0.rh_type,bb1_0.serial_number,bb1_0.source,bb1_0.status,bb1_0.transaction_number,bb1_0.volume_ml from blood_bags bb1_0 where bb1_0.status=? and bb1_0.expires_at<?
2026-05-29T19:15:00.009+08:00 DEBUG 5068 --- [blood_plus] [   scheduling-1] org.hibernate.SQL                        : select bb1_0.id,bb1_0.blood_type,bb1_0.collected_at,bb1_0.component_type,bb1_0.created_at,bb1_0.discard_reason,bb1_0.expires_at,bb1_0.open_system,bb1_0.open_system_at,bb1_0.received_by,bb1_0.remarks,bb1_0.rh_type,bb1_0.serial_number,bb1_0.source,bb1_0.status,bb1_0.transaction_number,bb1_0.volume_ml from blood_bags bb1_0 where bb1_0.status=? and bb1_0.open_system=? and bb1_0.open_system_at<?
2026-05-29T19:20:00.011+08:00 DEBUG 5068 --- [blood_plus] [   scheduling-1] org.hibernate.SQL                        : select bb1_0.id,bb1_0.blood_type,bb1_0.collected_at,bb1_0.component_type,bb1_0.created_at,bb1_0.discard_reason,bb1_0.expires_at,bb1_0.open_system,bb1_0.open_system_at,bb1_0.received_by,bb1_0.remarks,bb1_0.rh_type,bb1_0.serial_number,bb1_0.source,bb1_0.status,bb1_0.transaction_number,bb1_0.volume_ml from blood_bags bb1_0 where bb1_0.status=? and bb1_0.expires_at<?
2026-05-29T19:20:00.021+08:00 DEBUG 5068 --- [blood_plus] [   scheduling-1] org.hibernate.SQL                        : select bb1_0.id,bb1_0.blood_type,bb1_0.collected_at,bb1_0.component_type,bb1_0.created_at,bb1_0.discard_reason,bb1_0.expires_at,bb1_0.open_system,bb1_0.open_system_at,bb1_0.received_by,bb1_0.remarks,bb1_0.rh_type,bb1_0.serial_number,bb1_0.source,bb1_0.status,bb1_0.transaction_number,bb1_0.volume_ml from blood_bags bb1_0 where bb1_0.status=? and bb1_0.open_system=? and bb1_0.open_system_at<?
2026-05-29T19:25:00.010+08:00 DEBUG 5068 --- [blood_plus] [   scheduling-1] org.hibernate.SQL                        : select bb1_0.id,bb1_0.blood_type,bb1_0.collected_at,bb1_0.component_type,bb1_0.created_at,bb1_0.discard_reason,bb1_0.expires_at,bb1_0.open_system,bb1_0.open_system_at,bb1_0.received_by,bb1_0.remarks,bb1_0.rh_type,bb1_0.serial_number,bb1_0.source,bb1_0.status,bb1_0.transaction_number,bb1_0.volume_ml from blood_bags bb1_0 where bb1_0.status=? and bb1_0.open_system=? and bb1_0.open_system_at<?
2026-05-29T19:25:00.020+08:00 DEBUG 5068 --- [blood_plus] [   scheduling-1] org.hibernate.SQL                        : select bb1_0.id,bb1_0.blood_type,bb1_0.collected_at,bb1_0.component_type,bb1_0.created_at,bb1_0.discard_reason,bb1_0.expires_at,bb1_0.open_system,bb1_0.open_system_at,bb1_0.received_by,bb1_0.remarks,bb1_0.rh_type,bb1_0.serial_number,bb1_0.source,bb1_0.status,bb1_0.transaction_number,bb1_0.volume_ml from blood_bags bb1_0 where bb1_0.status=? and bb1_0.expires_at<?
2026-05-29T19:30:00.002+08:00 DEBUG 5068 --- [blood_plus] [   scheduling-1] org.hibernate.SQL                        : select bb1_0.id,bb1_0.blood_type,bb1_0.collected_at,bb1_0.component_type,bb1_0.created_at,bb1_0.discard_reason,bb1_0.expires_at,bb1_0.open_system,bb1_0.open_system_at,bb1_0.received_by,bb1_0.remarks,bb1_0.rh_type,bb1_0.serial_number,bb1_0.source,bb1_0.status,bb1_0.transaction_number,bb1_0.volume_ml from blood_bags bb1_0 where bb1_0.status=? and bb1_0.expires_at<?
2026-05-29T19:30:00.004+08:00 DEBUG 5068 --- [blood_plus] [   scheduling-1] org.hibernate.SQL                        : select bb1_0.id,bb1_0.blood_type,bb1_0.collected_at,bb1_0.component_type,bb1_0.created_at,bb1_0.discard_reason,bb1_0.expires_at,bb1_0.open_system,bb1_0.open_system_at,bb1_0.received_by,bb1_0.remarks,bb1_0.rh_type,bb1_0.serial_number,bb1_0.source,bb1_0.status,bb1_0.transaction_number,bb1_0.volume_ml from blood_bags bb1_0 where bb1_0.status=? and bb1_0.open_system=? and bb1_0.open_system_at<?
2026-05-29T19:35:00.010+08:00 DEBUG 5068 --- [blood_plus] [   scheduling-1] org.hibernate.SQL                        : select bb1_0.id,bb1_0.blood_type,bb1_0.collected_at,bb1_0.component_type,bb1_0.created_at,bb1_0.discard_reason,bb1_0.expires_at,bb1_0.open_system,bb1_0.open_system_at,bb1_0.received_by,bb1_0.remarks,bb1_0.rh_type,bb1_0.serial_number,bb1_0.source,bb1_0.status,bb1_0.transaction_number,bb1_0.volume_ml from blood_bags bb1_0 where bb1_0.status=? and bb1_0.open_system=? and bb1_0.open_system_at<?
2026-05-29T19:35:00.010+08:00 DEBUG 5068 --- [blood_plus] [   scheduling-1] org.hibernate.SQL                        : select bb1_0.id,bb1_0.blood_type,bb1_0.collected_at,bb1_0.component_type,bb1_0.created_at,bb1_0.discard_reason,bb1_0.expires_at,bb1_0.open_system,bb1_0.open_system_at,bb1_0.received_by,bb1_0.remarks,bb1_0.rh_type,bb1_0.serial_number,bb1_0.source,bb1_0.status,bb1_0.transaction_number,bb1_0.volume_ml from blood_bags bb1_0 where bb1_0.status=? and bb1_0.expires_at<?
2026-05-29T19:40:00.013+08:00 DEBUG 5068 --- [blood_plus] [   scheduling-1] org.hibernate.SQL                        : select bb1_0.id,bb1_0.blood_type,bb1_0.collected_at,bb1_0.component_type,bb1_0.created_at,bb1_0.discard_reason,bb1_0.expires_at,bb1_0.open_system,bb1_0.open_system_at,bb1_0.received_by,bb1_0.remarks,bb1_0.rh_type,bb1_0.serial_number,bb1_0.source,bb1_0.status,bb1_0.transaction_number,bb1_0.volume_ml from blood_bags bb1_0 where bb1_0.status=? and bb1_0.expires_at<?
2026-05-29T19:40:00.013+08:00 DEBUG 5068 --- [blood_plus] [   scheduling-1] org.hibernate.SQL                        : select bb1_0.id,bb1_0.blood_type,bb1_0.collected_at,bb1_0.component_type,bb1_0.created_at,bb1_0.discard_reason,bb1_0.expires_at,bb1_0.open_system,bb1_0.open_system_at,bb1_0.received_by,bb1_0.remarks,bb1_0.rh_type,bb1_0.serial_number,bb1_0.source,bb1_0.status,bb1_0.transaction_number,bb1_0.volume_ml from blood_bags bb1_0 where bb1_0.status=? and bb1_0.open_system=? and bb1_0.open_system_at<?
2026-05-29T19:45:00.010+08:00 DEBUG 5068 --- [blood_plus] [   scheduling-1] org.hibernate.SQL                        : select bb1_0.id,bb1_0.blood_type,bb1_0.collected_at,bb1_0.component_type,bb1_0.created_at,bb1_0.discard_reason,bb1_0.expires_at,bb1_0.open_system,bb1_0.open_system_at,bb1_0.received_by,bb1_0.remarks,bb1_0.rh_type,bb1_0.serial_number,bb1_0.source,bb1_0.status,bb1_0.transaction_number,bb1_0.volume_ml from blood_bags bb1_0 where bb1_0.status=? and bb1_0.open_system=? and bb1_0.open_system_at<?
2026-05-29T19:45:00.017+08:00 DEBUG 5068 --- [blood_plus] [   scheduling-1] org.hibernate.SQL                        : select bb1_0.id,bb1_0.blood_type,bb1_0.collected_at,bb1_0.component_type,bb1_0.created_at,bb1_0.discard_reason,bb1_0.expires_at,bb1_0.open_system,bb1_0.open_system_at,bb1_0.received_by,bb1_0.remarks,bb1_0.rh_type,bb1_0.serial_number,bb1_0.source,bb1_0.status,bb1_0.transaction_number,bb1_0.volume_ml from blood_bags bb1_0 where bb1_0.status=? and bb1_0.expires_at<?
2026-05-29T19:50:00.005+08:00 DEBUG 5068 --- [blood_plus] [   scheduling-1] org.hibernate.SQL                        : select bb1_0.id,bb1_0.blood_type,bb1_0.collected_at,bb1_0.component_type,bb1_0.created_at,bb1_0.discard_reason,bb1_0.expires_at,bb1_0.open_system,bb1_0.open_system_at,bb1_0.received_by,bb1_0.remarks,bb1_0.rh_type,bb1_0.serial_number,bb1_0.source,bb1_0.status,bb1_0.transaction_number,bb1_0.volume_ml from blood_bags bb1_0 where bb1_0.status=? and bb1_0.open_system=? and bb1_0.open_system_at<?
2026-05-29T19:50:00.005+08:00 DEBUG 5068 --- [blood_plus] [   scheduling-1] org.hibernate.SQL                        : select bb1_0.id,bb1_0.blood_type,bb1_0.collected_at,bb1_0.component_type,bb1_0.created_at,bb1_0.discard_reason,bb1_0.expires_at,bb1_0.open_system,bb1_0.open_system_at,bb1_0.received_by,bb1_0.remarks,bb1_0.rh_type,bb1_0.serial_number,bb1_0.source,bb1_0.status,bb1_0.transaction_number,bb1_0.volume_ml from blood_bags bb1_0 where bb1_0.status=? and bb1_0.expires_at<?
2026-05-29T19:55:00.014+08:00 DEBUG 5068 --- [blood_plus] [   scheduling-1] org.hibernate.SQL                        : select bb1_0.id,bb1_0.blood_type,bb1_0.collected_at,bb1_0.component_type,bb1_0.created_at,bb1_0.discard_reason,bb1_0.expires_at,bb1_0.open_system,bb1_0.open_system_at,bb1_0.received_by,bb1_0.remarks,bb1_0.rh_type,bb1_0.serial_number,bb1_0.source,bb1_0.status,bb1_0.transaction_number,bb1_0.volume_ml from blood_bags bb1_0 where bb1_0.status=? and bb1_0.expires_at<?
2026-05-29T19:55:00.023+08:00 DEBUG 5068 --- [blood_plus] [   scheduling-1] org.hibernate.SQL                        : select bb1_0.id,bb1_0.blood_type,bb1_0.collected_at,bb1_0.component_type,bb1_0.created_at,bb1_0.discard_reason,bb1_0.expires_at,bb1_0.open_system,bb1_0.open_system_at,bb1_0.received_by,bb1_0.remarks,bb1_0.rh_type,bb1_0.serial_number,bb1_0.source,bb1_0.status,bb1_0.transaction_number,bb1_0.volume_ml from blood_bags bb1_0 where bb1_0.status=? and bb1_0.open_system=? and bb1_0.open_system_at<?
2026-05-29T20:00:00.002+08:00 DEBUG 5068 --- [blood_plus] [   scheduling-1] org.hibernate.SQL                        : select bb1_0.id,bb1_0.blood_type,bb1_0.collected_at,bb1_0.component_type,bb1_0.created_at,bb1_0.discard_reason,bb1_0.expires_at,bb1_0.open_system,bb1_0.open_system_at,bb1_0.received_by,bb1_0.remarks,bb1_0.rh_type,bb1_0.serial_number,bb1_0.source,bb1_0.status,bb1_0.transaction_number,bb1_0.volume_ml from blood_bags bb1_0 where bb1_0.status=? and bb1_0.expires_at<?
2026-05-29T20:00:00.014+08:00 DEBUG 5068 --- [blood_plus] [   scheduling-1] org.hibernate.SQL                        : select bb1_0.id,bb1_0.blood_type,bb1_0.collected_at,bb1_0.component_type,bb1_0.created_at,bb1_0.discard_reason,bb1_0.expires_at,bb1_0.open_system,bb1_0.open_system_at,bb1_0.received_by,bb1_0.remarks,bb1_0.rh_type,bb1_0.serial_number,bb1_0.source,bb1_0.status,bb1_0.transaction_number,bb1_0.volume_ml from blood_bags bb1_0 where bb1_0.status=? and bb1_0.open_system=? and bb1_0.open_system_at<?
2026-05-29T20:00:00.023+08:00 DEBUG 5068 --- [blood_plus] [   scheduling-1] org.hibernate.SQL                        : update blood_bags bb1_0 set status='EXPIRED' where bb1_0.status='AVAILABLE' and bb1_0.expires_at<?
Expired blood bags updated: 0
2026-05-29T20:05:00.011+08:00 DEBUG 5068 --- [blood_plus] [   scheduling-1] org.hibernate.SQL                        : select bb1_0.id,bb1_0.blood_type,bb1_0.collected_at,bb1_0.component_type,bb1_0.created_at,bb1_0.discard_reason,bb1_0.expires_at,bb1_0.open_system,bb1_0.open_system_at,bb1_0.received_by,bb1_0.remarks,bb1_0.rh_type,bb1_0.serial_number,bb1_0.source,bb1_0.status,bb1_0.transaction_number,bb1_0.volume_ml from blood_bags bb1_0 where bb1_0.status=? and bb1_0.open_system=? and bb1_0.open_system_at<?
2026-05-29T20:05:00.018+08:00 DEBUG 5068 --- [blood_plus] [   scheduling-1] org.hibernate.SQL                        : select bb1_0.id,bb1_0.blood_type,bb1_0.collected_at,bb1_0.component_type,bb1_0.created_at,bb1_0.discard_reason,bb1_0.expires_at,bb1_0.open_system,bb1_0.open_system_at,bb1_0.received_by,bb1_0.remarks,bb1_0.rh_type,bb1_0.serial_number,bb1_0.source,bb1_0.status,bb1_0.transaction_number,bb1_0.volume_ml from blood_bags bb1_0 where bb1_0.status=? and bb1_0.expires_at<?
2026-05-29T20:10:00.002+08:00 DEBUG 5068 --- [blood_plus] [   scheduling-1] org.hibernate.SQL                        : select bb1_0.id,bb1_0.blood_type,bb1_0.collected_at,bb1_0.component_type,bb1_0.created_at,bb1_0.discard_reason,bb1_0.expires_at,bb1_0.open_system,bb1_0.open_system_at,bb1_0.received_by,bb1_0.remarks,bb1_0.rh_type,bb1_0.serial_number,bb1_0.source,bb1_0.status,bb1_0.transaction_number,bb1_0.volume_ml from blood_bags bb1_0 where bb1_0.status=? and bb1_0.expires_at<?
2026-05-29T20:10:00.002+08:00 DEBUG 5068 --- [blood_plus] [   scheduling-1] org.hibernate.SQL                        : select bb1_0.id,bb1_0.blood_type,bb1_0.collected_at,bb1_0.component_type,bb1_0.created_at,bb1_0.discard_reason,bb1_0.expires_at,bb1_0.open_system,bb1_0.open_system_at,bb1_0.received_by,bb1_0.remarks,bb1_0.rh_type,bb1_0.serial_number,bb1_0.source,bb1_0.status,bb1_0.transaction_number,bb1_0.volume_ml from blood_bags bb1_0 where bb1_0.status=? and bb1_0.open_system=? and bb1_0.open_system_at<?
2026-05-29T20:15:00.002+08:00 DEBUG 5068 --- [blood_plus] [   scheduling-1] org.hibernate.SQL                        : select bb1_0.id,bb1_0.blood_type,bb1_0.collected_at,bb1_0.component_type,bb1_0.created_at,bb1_0.discard_reason,bb1_0.expires_at,bb1_0.open_system,bb1_0.open_system_at,bb1_0.received_by,bb1_0.remarks,bb1_0.rh_type,bb1_0.serial_number,bb1_0.source,bb1_0.status,bb1_0.transaction_number,bb1_0.volume_ml from blood_bags bb1_0 where bb1_0.status=? and bb1_0.open_system=? and bb1_0.open_system_at<?
2026-05-29T20:15:00.009+08:00 DEBUG 5068 --- [blood_plus] [   scheduling-1] org.hibernate.SQL                        : select bb1_0.id,bb1_0.blood_type,bb1_0.collected_at,bb1_0.component_type,bb1_0.created_at,bb1_0.discard_reason,bb1_0.expires_at,bb1_0.open_system,bb1_0.open_system_at,bb1_0.received_by,bb1_0.remarks,bb1_0.rh_type,bb1_0.serial_number,bb1_0.source,bb1_0.status,bb1_0.transaction_number,bb1_0.volume_ml from blood_bags bb1_0 where bb1_0.status=? and bb1_0.expires_at<?
2026-05-29T20:20:00.011+08:00 DEBUG 5068 --- [blood_plus] [   scheduling-1] org.hibernate.SQL                        : select bb1_0.id,bb1_0.blood_type,bb1_0.collected_at,bb1_0.component_type,bb1_0.created_at,bb1_0.discard_reason,bb1_0.expires_at,bb1_0.open_system,bb1_0.open_system_at,bb1_0.received_by,bb1_0.remarks,bb1_0.rh_type,bb1_0.serial_number,bb1_0.source,bb1_0.status,bb1_0.transaction_number,bb1_0.volume_ml from blood_bags bb1_0 where bb1_0.status=? and bb1_0.open_system=? and bb1_0.open_system_at<?
2026-05-29T20:20:00.019+08:00 DEBUG 5068 --- [blood_plus] [   scheduling-1] org.hibernate.SQL                        : select bb1_0.id,bb1_0.blood_type,bb1_0.collected_at,bb1_0.component_type,bb1_0.created_at,bb1_0.discard_reason,bb1_0.expires_at,bb1_0.open_system,bb1_0.open_system_at,bb1_0.received_by,bb1_0.remarks,bb1_0.rh_type,bb1_0.serial_number,bb1_0.source,bb1_0.status,bb1_0.transaction_number,bb1_0.volume_ml from blood_bags bb1_0 where bb1_0.status=? and bb1_0.expires_at<?
2026-05-29T20:25:00.001+08:00 DEBUG 5068 --- [blood_plus] [   scheduling-1] org.hibernate.SQL                        : select bb1_0.id,bb1_0.blood_type,bb1_0.collected_at,bb1_0.component_type,bb1_0.created_at,bb1_0.discard_reason,bb1_0.expires_at,bb1_0.open_system,bb1_0.open_system_at,bb1_0.received_by,bb1_0.remarks,bb1_0.rh_type,bb1_0.serial_number,bb1_0.source,bb1_0.status,bb1_0.transaction_number,bb1_0.volume_ml from blood_bags bb1_0 where bb1_0.status=? and bb1_0.expires_at<?
2026-05-29T20:25:00.001+08:00 DEBUG 5068 --- [blood_plus] [   scheduling-1] org.hibernate.SQL                        : select bb1_0.id,bb1_0.blood_type,bb1_0.collected_at,bb1_0.component_type,bb1_0.created_at,bb1_0.discard_reason,bb1_0.expires_at,bb1_0.open_system,bb1_0.open_system_at,bb1_0.received_by,bb1_0.remarks,bb1_0.rh_type,bb1_0.serial_number,bb1_0.source,bb1_0.status,bb1_0.transaction_number,bb1_0.volume_ml from blood_bags bb1_0 where bb1_0.status=? and bb1_0.open_system=? and bb1_0.open_system_at<?
2026-05-29T20:30:00.031+08:00 DEBUG 5068 --- [blood_plus] [   scheduling-1] org.hibernate.SQL                        : select bb1_0.id,bb1_0.blood_type,bb1_0.collected_at,bb1_0.component_type,bb1_0.created_at,bb1_0.discard_reason,bb1_0.expires_at,bb1_0.open_system,bb1_0.open_system_at,bb1_0.received_by,bb1_0.remarks,bb1_0.rh_type,bb1_0.serial_number,bb1_0.source,bb1_0.status,bb1_0.transaction_number,bb1_0.volume_ml from blood_bags bb1_0 where bb1_0.status=? and bb1_0.open_system=? and bb1_0.open_system_at<?
2026-05-29T20:30:00.031+08:00 DEBUG 5068 --- [blood_plus] [   scheduling-1] org.hibernate.SQL                        : select bb1_0.id,bb1_0.blood_type,bb1_0.collected_at,bb1_0.component_type,bb1_0.created_at,bb1_0.discard_reason,bb1_0.expires_at,bb1_0.open_system,bb1_0.open_system_at,bb1_0.received_by,bb1_0.remarks,bb1_0.rh_type,bb1_0.serial_number,bb1_0.source,bb1_0.status,bb1_0.transaction_number,bb1_0.volume_ml from blood_bags bb1_0 where bb1_0.status=? and bb1_0.expires_at<?
2026-05-29T20:35:00.028+08:00 DEBUG 5068 --- [blood_plus] [   scheduling-1] org.hibernate.SQL                        : select bb1_0.id,bb1_0.blood_type,bb1_0.collected_at,bb1_0.component_type,bb1_0.created_at,bb1_0.discard_reason,bb1_0.expires_at,bb1_0.open_system,bb1_0.open_system_at,bb1_0.received_by,bb1_0.remarks,bb1_0.rh_type,bb1_0.serial_number,bb1_0.source,bb1_0.status,bb1_0.transaction_number,bb1_0.volume_ml from blood_bags bb1_0 where bb1_0.status=? and bb1_0.open_system=? and bb1_0.open_system_at<?
2026-05-29T20:35:00.028+08:00 DEBUG 5068 --- [blood_plus] [   scheduling-1] org.hibernate.SQL                        : select bb1_0.id,bb1_0.blood_type,bb1_0.collected_at,bb1_0.component_type,bb1_0.created_at,bb1_0.discard_reason,bb1_0.expires_at,bb1_0.open_system,bb1_0.open_system_at,bb1_0.received_by,bb1_0.remarks,bb1_0.rh_type,bb1_0.serial_number,bb1_0.source,bb1_0.status,bb1_0.transaction_number,bb1_0.volume_ml from blood_bags bb1_0 where bb1_0.status=? and bb1_0.expires_at<?
2026-05-29T20:40:00.015+08:00 DEBUG 5068 --- [blood_plus] [   scheduling-1] org.hibernate.SQL                        : select bb1_0.id,bb1_0.blood_type,bb1_0.collected_at,bb1_0.component_type,bb1_0.created_at,bb1_0.discard_reason,bb1_0.expires_at,bb1_0.open_system,bb1_0.open_system_at,bb1_0.received_by,bb1_0.remarks,bb1_0.rh_type,bb1_0.serial_number,bb1_0.source,bb1_0.status,bb1_0.transaction_number,bb1_0.volume_ml from blood_bags bb1_0 where bb1_0.status=? and bb1_0.expires_at<?
2026-05-29T20:40:00.018+08:00 DEBUG 5068 --- [blood_plus] [   scheduling-1] org.hibernate.SQL                        : select bb1_0.id,bb1_0.blood_type,bb1_0.collected_at,bb1_0.component_type,bb1_0.created_at,bb1_0.discard_reason,bb1_0.expires_at,bb1_0.open_system,bb1_0.open_system_at,bb1_0.received_by,bb1_0.remarks,bb1_0.rh_type,bb1_0.serial_number,bb1_0.source,bb1_0.status,bb1_0.transaction_number,bb1_0.volume_ml from blood_bags bb1_0 where bb1_0.status=? and bb1_0.open_system=? and bb1_0.open_system_at<?
2026-05-29T20:45:00.020+08:00 DEBUG 5068 --- [blood_plus] [   scheduling-1] org.hibernate.SQL                        : select bb1_0.id,bb1_0.blood_type,bb1_0.collected_at,bb1_0.component_type,bb1_0.created_at,bb1_0.discard_reason,bb1_0.expires_at,bb1_0.open_system,bb1_0.open_system_at,bb1_0.received_by,bb1_0.remarks,bb1_0.rh_type,bb1_0.serial_number,bb1_0.source,bb1_0.status,bb1_0.transaction_number,bb1_0.volume_ml from blood_bags bb1_0 where bb1_0.status=? and bb1_0.expires_at<?
2026-05-29T20:45:00.020+08:00 DEBUG 5068 --- [blood_plus] [   scheduling-1] org.hibernate.SQL                        : select bb1_0.id,bb1_0.blood_type,bb1_0.collected_at,bb1_0.component_type,bb1_0.created_at,bb1_0.discard_reason,bb1_0.expires_at,bb1_0.open_system,bb1_0.open_system_at,bb1_0.received_by,bb1_0.remarks,bb1_0.rh_type,bb1_0.serial_number,bb1_0.source,bb1_0.status,bb1_0.transaction_number,bb1_0.volume_ml from blood_bags bb1_0 where bb1_0.status=? and bb1_0.open_system=? and bb1_0.open_system_at<?
2026-05-29T20:50:00.015+08:00 DEBUG 5068 --- [blood_plus] [   scheduling-1] org.hibernate.SQL                        : select bb1_0.id,bb1_0.blood_type,bb1_0.collected_at,bb1_0.component_type,bb1_0.created_at,bb1_0.discard_reason,bb1_0.expires_at,bb1_0.open_system,bb1_0.open_system_at,bb1_0.received_by,bb1_0.remarks,bb1_0.rh_type,bb1_0.serial_number,bb1_0.source,bb1_0.status,bb1_0.transaction_number,bb1_0.volume_ml from blood_bags bb1_0 where bb1_0.status=? and bb1_0.expires_at<?
2026-05-29T20:50:00.018+08:00 DEBUG 5068 --- [blood_plus] [   scheduling-1] org.hibernate.SQL                        : select bb1_0.id,bb1_0.blood_type,bb1_0.collected_at,bb1_0.component_type,bb1_0.created_at,bb1_0.discard_reason,bb1_0.expires_at,bb1_0.open_system,bb1_0.open_system_at,bb1_0.received_by,bb1_0.remarks,bb1_0.rh_type,bb1_0.serial_number,bb1_0.source,bb1_0.status,bb1_0.transaction_number,bb1_0.volume_ml from blood_bags bb1_0 where bb1_0.status=? and bb1_0.open_system=? and bb1_0.open_system_at<?
2026-05-29T20:55:00.014+08:00 DEBUG 5068 --- [blood_plus] [   scheduling-1] org.hibernate.SQL                        : select bb1_0.id,bb1_0.blood_type,bb1_0.collected_at,bb1_0.component_type,bb1_0.created_at,bb1_0.discard_reason,bb1_0.expires_at,bb1_0.open_system,bb1_0.open_system_at,bb1_0.received_by,bb1_0.remarks,bb1_0.rh_type,bb1_0.serial_number,bb1_0.source,bb1_0.status,bb1_0.transaction_number,bb1_0.volume_ml from blood_bags bb1_0 where bb1_0.status=? and bb1_0.expires_at<?
2026-05-29T20:55:00.022+08:00 DEBUG 5068 --- [blood_plus] [   scheduling-1] org.hibernate.SQL                        : select bb1_0.id,bb1_0.blood_type,bb1_0.collected_at,bb1_0.component_type,bb1_0.created_at,bb1_0.discard_reason,bb1_0.expires_at,bb1_0.open_system,bb1_0.open_system_at,bb1_0.received_by,bb1_0.remarks,bb1_0.rh_type,bb1_0.serial_number,bb1_0.source,bb1_0.status,bb1_0.transaction_number,bb1_0.volume_ml from blood_bags bb1_0 where bb1_0.status=? and bb1_0.open_system=? and bb1_0.open_system_at<?
2026-05-29T21:00:00.015+08:00 DEBUG 5068 --- [blood_plus] [   scheduling-1] org.hibernate.SQL                        : select bb1_0.id,bb1_0.blood_type,bb1_0.collected_at,bb1_0.component_type,bb1_0.created_at,bb1_0.discard_reason,bb1_0.expires_at,bb1_0.open_system,bb1_0.open_system_at,bb1_0.received_by,bb1_0.remarks,bb1_0.rh_type,bb1_0.serial_number,bb1_0.source,bb1_0.status,bb1_0.transaction_number,bb1_0.volume_ml from blood_bags bb1_0 where bb1_0.status=? and bb1_0.expires_at<?
2026-05-29T21:00:00.015+08:00 DEBUG 5068 --- [blood_plus] [   scheduling-1] org.hibernate.SQL                        : select bb1_0.id,bb1_0.blood_type,bb1_0.collected_at,bb1_0.component_type,bb1_0.created_at,bb1_0.discard_reason,bb1_0.expires_at,bb1_0.open_system,bb1_0.open_system_at,bb1_0.received_by,bb1_0.remarks,bb1_0.rh_type,bb1_0.serial_number,bb1_0.source,bb1_0.status,bb1_0.transaction_number,bb1_0.volume_ml from blood_bags bb1_0 where bb1_0.status=? and bb1_0.open_system=? and bb1_0.open_system_at<?
2026-05-29T21:00:00.030+08:00 DEBUG 5068 --- [blood_plus] [   scheduling-1] org.hibernate.SQL                        : update blood_bags bb1_0 set status='EXPIRED' where bb1_0.status='AVAILABLE' and bb1_0.expires_at<?
Expired blood bags updated: 0
2026-05-29T21:05:00.017+08:00 DEBUG 5068 --- [blood_plus] [   scheduling-1] org.hibernate.SQL                        : select bb1_0.id,bb1_0.blood_type,bb1_0.collected_at,bb1_0.component_type,bb1_0.created_at,bb1_0.discard_reason,bb1_0.expires_at,bb1_0.open_system,bb1_0.open_system_at,bb1_0.received_by,bb1_0.remarks,bb1_0.rh_type,bb1_0.serial_number,bb1_0.source,bb1_0.status,bb1_0.transaction_number,bb1_0.volume_ml from blood_bags bb1_0 where bb1_0.status=? and bb1_0.expires_at<?
2026-05-29T21:05:00.018+08:00 DEBUG 5068 --- [blood_plus] [   scheduling-1] org.hibernate.SQL                        : select bb1_0.id,bb1_0.blood_type,bb1_0.collected_at,bb1_0.component_type,bb1_0.created_at,bb1_0.discard_reason,bb1_0.expires_at,bb1_0.open_system,bb1_0.open_system_at,bb1_0.received_by,bb1_0.remarks,bb1_0.rh_type,bb1_0.serial_number,bb1_0.source,bb1_0.status,bb1_0.transaction_number,bb1_0.volume_ml from blood_bags bb1_0 where bb1_0.status=? and bb1_0.open_system=? and bb1_0.open_system_at<?
2026-05-29T21:38:38.336+08:00  WARN 5068 --- [blood_plus] [l-1:housekeeper] com.zaxxer.hikari.pool.HikariPool        : HikariPool-1 - Thread starvation or clock leap detected (housekeeper delta=32m21s443ms631µs400ns).
2026-05-29T21:41:58.393+08:00 DEBUG 5068 --- [blood_plus] [   scheduling-1] org.hibernate.SQL                        : select bb1_0.id,bb1_0.blood_type,bb1_0.collected_at,bb1_0.component_type,bb1_0.created_at,bb1_0.discard_reason,bb1_0.expires_at,bb1_0.open_system,bb1_0.open_system_at,bb1_0.received_by,bb1_0.remarks,bb1_0.rh_type,bb1_0.serial_number,bb1_0.source,bb1_0.status,bb1_0.transaction_number,bb1_0.volume_ml from blood_bags bb1_0 where bb1_0.status=? and bb1_0.expires_at<?
2026-05-29T21:41:58.394+08:00 DEBUG 5068 --- [blood_plus] [   scheduling-1] org.hibernate.SQL                        : select bb1_0.id,bb1_0.blood_type,bb1_0.collected_at,bb1_0.component_type,bb1_0.created_at,bb1_0.discard_reason,bb1_0.expires_at,bb1_0.open_system,bb1_0.open_system_at,bb1_0.received_by,bb1_0.remarks,bb1_0.rh_type,bb1_0.serial_number,bb1_0.source,bb1_0.status,bb1_0.transaction_number,bb1_0.volume_ml from blood_bags bb1_0 where bb1_0.status=? and bb1_0.open_system=? and bb1_0.open_system_at<?
2026-05-29T21:45:00.043+08:00 DEBUG 5068 --- [blood_plus] [   scheduling-1] org.hibernate.SQL                        : select bb1_0.id,bb1_0.blood_type,bb1_0.collected_at,bb1_0.component_type,bb1_0.created_at,bb1_0.discard_reason,bb1_0.expires_at,bb1_0.open_system,bb1_0.open_system_at,bb1_0.received_by,bb1_0.remarks,bb1_0.rh_type,bb1_0.serial_number,bb1_0.source,bb1_0.status,bb1_0.transaction_number,bb1_0.volume_ml from blood_bags bb1_0 where bb1_0.status=? and bb1_0.expires_at<?
2026-05-29T21:45:00.059+08:00 DEBUG 5068 --- [blood_plus] [   scheduling-1] org.hibernate.SQL                        : select bb1_0.id,bb1_0.blood_type,bb1_0.collected_at,bb1_0.component_type,bb1_0.created_at,bb1_0.discard_reason,bb1_0.expires_at,bb1_0.open_system,bb1_0.open_system_at,bb1_0.received_by,bb1_0.remarks,bb1_0.rh_type,bb1_0.serial_number,bb1_0.source,bb1_0.status,bb1_0.transaction_number,bb1_0.volume_ml from blood_bags bb1_0 where bb1_0.status=? and bb1_0.open_system=? and bb1_0.open_system_at<?
2026-05-29T21:50:00.285+08:00 DEBUG 5068 --- [blood_plus] [   scheduling-1] org.hibernate.SQL                        : select bb1_0.id,bb1_0.blood_type,bb1_0.collected_at,bb1_0.component_type,bb1_0.created_at,bb1_0.discard_reason,bb1_0.expires_at,bb1_0.open_system,bb1_0.open_system_at,bb1_0.received_by,bb1_0.remarks,bb1_0.rh_type,bb1_0.serial_number,bb1_0.source,bb1_0.status,bb1_0.transaction_number,bb1_0.volume_ml from blood_bags bb1_0 where bb1_0.status=? and bb1_0.open_system=? and bb1_0.open_system_at<?
2026-05-29T21:50:00.447+08:00 DEBUG 5068 --- [blood_plus] [   scheduling-1] org.hibernate.SQL                        : select bb1_0.id,bb1_0.blood_type,bb1_0.collected_at,bb1_0.component_type,bb1_0.created_at,bb1_0.discard_reason,bb1_0.expires_at,bb1_0.open_system,bb1_0.open_system_at,bb1_0.received_by,bb1_0.remarks,bb1_0.rh_type,bb1_0.serial_number,bb1_0.source,bb1_0.status,bb1_0.transaction_number,bb1_0.volume_ml from blood_bags bb1_0 where bb1_0.status=? and bb1_0.expires_at<?
2026-05-29T21:55:00.008+08:00 DEBUG 5068 --- [blood_plus] [   scheduling-1] org.hibernate.SQL                        : select bb1_0.id,bb1_0.blood_type,bb1_0.collected_at,bb1_0.component_type,bb1_0.created_at,bb1_0.discard_reason,bb1_0.expires_at,bb1_0.open_system,bb1_0.open_system_at,bb1_0.received_by,bb1_0.remarks,bb1_0.rh_type,bb1_0.serial_number,bb1_0.source,bb1_0.status,bb1_0.transaction_number,bb1_0.volume_ml from blood_bags bb1_0 where bb1_0.status=? and bb1_0.expires_at<?
2026-05-29T21:55:00.024+08:00 DEBUG 5068 --- [blood_plus] [   scheduling-1] org.hibernate.SQL                        : select bb1_0.id,bb1_0.blood_type,bb1_0.collected_at,bb1_0.component_type,bb1_0.created_at,bb1_0.discard_reason,bb1_0.expires_at,bb1_0.open_system,bb1_0.open_system_at,bb1_0.received_by,bb1_0.remarks,bb1_0.rh_type,bb1_0.serial_number,bb1_0.source,bb1_0.status,bb1_0.transaction_number,bb1_0.volume_ml from blood_bags bb1_0 where bb1_0.status=? and bb1_0.open_system=? and bb1_0.open_system_at<?
2026-05-29T22:00:00.024+08:00 DEBUG 5068 --- [blood_plus] [   scheduling-1] org.hibernate.SQL                        : update blood_bags bb1_0 set status='EXPIRED' where bb1_0.status='AVAILABLE' and bb1_0.expires_at<?
Expired blood bags updated: 0
2026-05-29T22:00:00.078+08:00 DEBUG 5068 --- [blood_plus] [   scheduling-1] org.hibernate.SQL                        : select bb1_0.id,bb1_0.blood_type,bb1_0.collected_at,bb1_0.component_type,bb1_0.created_at,bb1_0.discard_reason,bb1_0.expires_at,bb1_0.open_system,bb1_0.open_system_at,bb1_0.received_by,bb1_0.remarks,bb1_0.rh_type,bb1_0.serial_number,bb1_0.source,bb1_0.status,bb1_0.transaction_number,bb1_0.volume_ml from blood_bags bb1_0 where bb1_0.status=? and bb1_0.expires_at<?
2026-05-29T22:00:00.087+08:00 DEBUG 5068 --- [blood_plus] [   scheduling-1] org.hibernate.SQL                        : select bb1_0.id,bb1_0.blood_type,bb1_0.collected_at,bb1_0.component_type,bb1_0.created_at,bb1_0.discard_reason,bb1_0.expires_at,bb1_0.open_system,bb1_0.open_system_at,bb1_0.received_by,bb1_0.remarks,bb1_0.rh_type,bb1_0.serial_number,bb1_0.source,bb1_0.status,bb1_0.transaction_number,bb1_0.volume_ml from blood_bags bb1_0 where bb1_0.status=? and bb1_0.open_system=? and bb1_0.open_system_at<?
2026-05-29T22:05:00.008+08:00 DEBUG 5068 --- [blood_plus] [   scheduling-1] org.hibernate.SQL                        : select bb1_0.id,bb1_0.blood_type,bb1_0.collected_at,bb1_0.component_type,bb1_0.created_at,bb1_0.discard_reason,bb1_0.expires_at,bb1_0.open_system,bb1_0.open_system_at,bb1_0.received_by,bb1_0.remarks,bb1_0.rh_type,bb1_0.serial_number,bb1_0.source,bb1_0.status,bb1_0.transaction_number,bb1_0.volume_ml from blood_bags bb1_0 where bb1_0.status=? and bb1_0.expires_at<?
2026-05-29T22:05:00.032+08:00 DEBUG 5068 --- [blood_plus] [   scheduling-1] org.hibernate.SQL                        : select bb1_0.id,bb1_0.blood_type,bb1_0.collected_at,bb1_0.component_type,bb1_0.created_at,bb1_0.discard_reason,bb1_0.expires_at,bb1_0.open_system,bb1_0.open_system_at,bb1_0.received_by,bb1_0.remarks,bb1_0.rh_type,bb1_0.serial_number,bb1_0.source,bb1_0.status,bb1_0.transaction_number,bb1_0.volume_ml from blood_bags bb1_0 where bb1_0.status=? and bb1_0.open_system=? and bb1_0.open_system_at<?
2026-05-29T22:10:00.008+08:00 DEBUG 5068 --- [blood_plus] [   scheduling-1] org.hibernate.SQL                        : select bb1_0.id,bb1_0.blood_type,bb1_0.collected_at,bb1_0.component_type,bb1_0.created_at,bb1_0.discard_reason,bb1_0.expires_at,bb1_0.open_system,bb1_0.open_system_at,bb1_0.received_by,bb1_0.remarks,bb1_0.rh_type,bb1_0.serial_number,bb1_0.source,bb1_0.status,bb1_0.transaction_number,bb1_0.volume_ml from blood_bags bb1_0 where bb1_0.status=? and bb1_0.expires_at<?
2026-05-29T22:10:00.019+08:00 DEBUG 5068 --- [blood_plus] [   scheduling-1] org.hibernate.SQL                        : select bb1_0.id,bb1_0.blood_type,bb1_0.collected_at,bb1_0.component_type,bb1_0.created_at,bb1_0.discard_reason,bb1_0.expires_at,bb1_0.open_system,bb1_0.open_system_at,bb1_0.received_by,bb1_0.remarks,bb1_0.rh_type,bb1_0.serial_number,bb1_0.source,bb1_0.status,bb1_0.transaction_number,bb1_0.volume_ml from blood_bags bb1_0 where bb1_0.status=? and bb1_0.open_system=? and bb1_0.open_system_at<?
2026-05-29T22:15:00.009+08:00 DEBUG 5068 --- [blood_plus] [   scheduling-1] org.hibernate.SQL                        : select bb1_0.id,bb1_0.blood_type,bb1_0.collected_at,bb1_0.component_type,bb1_0.created_at,bb1_0.discard_reason,bb1_0.expires_at,bb1_0.open_system,bb1_0.open_system_at,bb1_0.received_by,bb1_0.remarks,bb1_0.rh_type,bb1_0.serial_number,bb1_0.source,bb1_0.status,bb1_0.transaction_number,bb1_0.volume_ml from blood_bags bb1_0 where bb1_0.status=? and bb1_0.expires_at<?
2026-05-29T22:15:00.025+08:00 DEBUG 5068 --- [blood_plus] [   scheduling-1] org.hibernate.SQL                        : select bb1_0.id,bb1_0.blood_type,bb1_0.collected_at,bb1_0.component_type,bb1_0.created_at,bb1_0.discard_reason,bb1_0.expires_at,bb1_0.open_system,bb1_0.open_system_at,bb1_0.received_by,bb1_0.remarks,bb1_0.rh_type,bb1_0.serial_number,bb1_0.source,bb1_0.status,bb1_0.transaction_number,bb1_0.volume_ml from blood_bags bb1_0 where bb1_0.status=? and bb1_0.open_system=? and bb1_0.open_system_at<?
2026-05-29T22:20:00.010+08:00 DEBUG 5068 --- [blood_plus] [   scheduling-1] org.hibernate.SQL                        : select bb1_0.id,bb1_0.blood_type,bb1_0.collected_at,bb1_0.component_type,bb1_0.created_at,bb1_0.discard_reason,bb1_0.expires_at,bb1_0.open_system,bb1_0.open_system_at,bb1_0.received_by,bb1_0.remarks,bb1_0.rh_type,bb1_0.serial_number,bb1_0.source,bb1_0.status,bb1_0.transaction_number,bb1_0.volume_ml from blood_bags bb1_0 where bb1_0.status=? and bb1_0.open_system=? and bb1_0.open_system_at<?
2026-05-29T22:20:00.020+08:00 DEBUG 5068 --- [blood_plus] [   scheduling-1] org.hibernate.SQL                        : select bb1_0.id,bb1_0.blood_type,bb1_0.collected_at,bb1_0.component_type,bb1_0.created_at,bb1_0.discard_reason,bb1_0.expires_at,bb1_0.open_system,bb1_0.open_system_at,bb1_0.received_by,bb1_0.remarks,bb1_0.rh_type,bb1_0.serial_number,bb1_0.source,bb1_0.status,bb1_0.transaction_number,bb1_0.volume_ml from blood_bags bb1_0 where bb1_0.status=? and bb1_0.expires_at<?
2026-05-29T22:25:00.007+08:00 DEBUG 5068 --- [blood_plus] [   scheduling-1] org.hibernate.SQL                        : select bb1_0.id,bb1_0.blood_type,bb1_0.collected_at,bb1_0.component_type,bb1_0.created_at,bb1_0.discard_reason,bb1_0.expires_at,bb1_0.open_system,bb1_0.open_system_at,bb1_0.received_by,bb1_0.remarks,bb1_0.rh_type,bb1_0.serial_number,bb1_0.source,bb1_0.status,bb1_0.transaction_number,bb1_0.volume_ml from blood_bags bb1_0 where bb1_0.status=? and bb1_0.expires_at<?
2026-05-29T22:25:00.021+08:00 DEBUG 5068 --- [blood_plus] [   scheduling-1] org.hibernate.SQL                        : select bb1_0.id,bb1_0.blood_type,bb1_0.collected_at,bb1_0.component_type,bb1_0.created_at,bb1_0.discard_reason,bb1_0.expires_at,bb1_0.open_system,bb1_0.open_system_at,bb1_0.received_by,bb1_0.remarks,bb1_0.rh_type,bb1_0.serial_number,bb1_0.source,bb1_0.status,bb1_0.transaction_number,bb1_0.volume_ml from blood_bags bb1_0 where bb1_0.status=? and bb1_0.open_system=? and bb1_0.open_system_at<?
2026-05-29T22:30:00.008+08:00 DEBUG 5068 --- [blood_plus] [   scheduling-1] org.hibernate.SQL                        : select bb1_0.id,bb1_0.blood_type,bb1_0.collected_at,bb1_0.component_type,bb1_0.created_at,bb1_0.discard_reason,bb1_0.expires_at,bb1_0.open_system,bb1_0.open_system_at,bb1_0.received_by,bb1_0.remarks,bb1_0.rh_type,bb1_0.serial_number,bb1_0.source,bb1_0.status,bb1_0.transaction_number,bb1_0.volume_ml from blood_bags bb1_0 where bb1_0.status=? and bb1_0.expires_at<?
2026-05-29T22:30:00.020+08:00 DEBUG 5068 --- [blood_plus] [   scheduling-1] org.hibernate.SQL                        : select bb1_0.id,bb1_0.blood_type,bb1_0.collected_at,bb1_0.component_type,bb1_0.created_at,bb1_0.discard_reason,bb1_0.expires_at,bb1_0.open_system,bb1_0.open_system_at,bb1_0.received_by,bb1_0.remarks,bb1_0.rh_type,bb1_0.serial_number,bb1_0.source,bb1_0.status,bb1_0.transaction_number,bb1_0.volume_ml from blood_bags bb1_0 where bb1_0.status=? and bb1_0.open_system=? and bb1_0.open_system_at<?
2026-05-29T22:35:00.006+08:00 DEBUG 5068 --- [blood_plus] [   scheduling-1] org.hibernate.SQL                        : select bb1_0.id,bb1_0.blood_type,bb1_0.collected_at,bb1_0.component_type,bb1_0.created_at,bb1_0.discard_reason,bb1_0.expires_at,bb1_0.open_system,bb1_0.open_system_at,bb1_0.received_by,bb1_0.remarks,bb1_0.rh_type,bb1_0.serial_number,bb1_0.source,bb1_0.status,bb1_0.transaction_number,bb1_0.volume_ml from blood_bags bb1_0 where bb1_0.status=? and bb1_0.expires_at<?
2026-05-29T22:35:00.017+08:00 DEBUG 5068 --- [blood_plus] [   scheduling-1] org.hibernate.SQL                        : select bb1_0.id,bb1_0.blood_type,bb1_0.collected_at,bb1_0.component_type,bb1_0.created_at,bb1_0.discard_reason,bb1_0.expires_at,bb1_0.open_system,bb1_0.open_system_at,bb1_0.received_by,bb1_0.remarks,bb1_0.rh_type,bb1_0.serial_number,bb1_0.source,bb1_0.status,bb1_0.transaction_number,bb1_0.volume_ml from blood_bags bb1_0 where bb1_0.status=? and bb1_0.open_system=? and bb1_0.open_system_at<?
2026-05-29T22:40:00.010+08:00 DEBUG 5068 --- [blood_plus] [   scheduling-1] org.hibernate.SQL                        : select bb1_0.id,bb1_0.blood_type,bb1_0.collected_at,bb1_0.component_type,bb1_0.created_at,bb1_0.discard_reason,bb1_0.expires_at,bb1_0.open_system,bb1_0.open_system_at,bb1_0.received_by,bb1_0.remarks,bb1_0.rh_type,bb1_0.serial_number,bb1_0.source,bb1_0.status,bb1_0.transaction_number,bb1_0.volume_ml from blood_bags bb1_0 where bb1_0.status=? and bb1_0.open_system=? and bb1_0.open_system_at<?
2026-05-29T22:40:00.021+08:00 DEBUG 5068 --- [blood_plus] [   scheduling-1] org.hibernate.SQL                        : select bb1_0.id,bb1_0.blood_type,bb1_0.collected_at,bb1_0.component_type,bb1_0.created_at,bb1_0.discard_reason,bb1_0.expires_at,bb1_0.open_system,bb1_0.open_system_at,bb1_0.received_by,bb1_0.remarks,bb1_0.rh_type,bb1_0.serial_number,bb1_0.source,bb1_0.status,bb1_0.transaction_number,bb1_0.volume_ml from blood_bags bb1_0 where bb1_0.status=? and bb1_0.expires_at<?
2026-05-29T22:45:00.010+08:00 DEBUG 5068 --- [blood_plus] [   scheduling-1] org.hibernate.SQL                        : select bb1_0.id,bb1_0.blood_type,bb1_0.collected_at,bb1_0.component_type,bb1_0.created_at,bb1_0.discard_reason,bb1_0.expires_at,bb1_0.open_system,bb1_0.open_system_at,bb1_0.received_by,bb1_0.remarks,bb1_0.rh_type,bb1_0.serial_number,bb1_0.source,bb1_0.status,bb1_0.transaction_number,bb1_0.volume_ml from blood_bags bb1_0 where bb1_0.status=? and bb1_0.expires_at<?
2026-05-29T22:45:00.026+08:00 DEBUG 5068 --- [blood_plus] [   scheduling-1] org.hibernate.SQL                        : select bb1_0.id,bb1_0.blood_type,bb1_0.collected_at,bb1_0.component_type,bb1_0.created_at,bb1_0.discard_reason,bb1_0.expires_at,bb1_0.open_system,bb1_0.open_system_at,bb1_0.received_by,bb1_0.remarks,bb1_0.rh_type,bb1_0.serial_number,bb1_0.source,bb1_0.status,bb1_0.transaction_number,bb1_0.volume_ml from blood_bags bb1_0 where bb1_0.status=? and bb1_0.open_system=? and bb1_0.open_system_at<?
2026-05-29T22:50:00.007+08:00 DEBUG 5068 --- [blood_plus] [   scheduling-1] org.hibernate.SQL                        : select bb1_0.id,bb1_0.blood_type,bb1_0.collected_at,bb1_0.component_type,bb1_0.created_at,bb1_0.discard_reason,bb1_0.expires_at,bb1_0.open_system,bb1_0.open_system_at,bb1_0.received_by,bb1_0.remarks,bb1_0.rh_type,bb1_0.serial_number,bb1_0.source,bb1_0.status,bb1_0.transaction_number,bb1_0.volume_ml from blood_bags bb1_0 where bb1_0.status=? and bb1_0.open_system=? and bb1_0.open_system_at<?
2026-05-29T22:50:00.019+08:00 DEBUG 5068 --- [blood_plus] [   scheduling-1] org.hibernate.SQL                        : select bb1_0.id,bb1_0.blood_type,bb1_0.collected_at,bb1_0.component_type,bb1_0.created_at,bb1_0.discard_reason,bb1_0.expires_at,bb1_0.open_system,bb1_0.open_system_at,bb1_0.received_by,bb1_0.remarks,bb1_0.rh_type,bb1_0.serial_number,bb1_0.source,bb1_0.status,bb1_0.transaction_number,bb1_0.volume_ml from blood_bags bb1_0 where bb1_0.status=? and bb1_0.expires_at<?
2026-05-29T22:55:00.007+08:00 DEBUG 5068 --- [blood_plus] [   scheduling-1] org.hibernate.SQL                        : select bb1_0.id,bb1_0.blood_type,bb1_0.collected_at,bb1_0.component_type,bb1_0.created_at,bb1_0.discard_reason,bb1_0.expires_at,bb1_0.open_system,bb1_0.open_system_at,bb1_0.received_by,bb1_0.remarks,bb1_0.rh_type,bb1_0.serial_number,bb1_0.source,bb1_0.status,bb1_0.transaction_number,bb1_0.volume_ml from blood_bags bb1_0 where bb1_0.status=? and bb1_0.expires_at<?
2026-05-29T22:55:00.027+08:00 DEBUG 5068 --- [blood_plus] [   scheduling-1] org.hibernate.SQL                        : select bb1_0.id,bb1_0.blood_type,bb1_0.collected_at,bb1_0.component_type,bb1_0.created_at,bb1_0.discard_reason,bb1_0.expires_at,bb1_0.open_system,bb1_0.open_system_at,bb1_0.received_by,bb1_0.remarks,bb1_0.rh_type,bb1_0.serial_number,bb1_0.source,bb1_0.status,bb1_0.transaction_number,bb1_0.volume_ml from blood_bags bb1_0 where bb1_0.status=? and bb1_0.open_system=? and bb1_0.open_system_at<?
2026-05-29T23:00:00.004+08:00 DEBUG 5068 --- [blood_plus] [   scheduling-1] org.hibernate.SQL                        : select bb1_0.id,bb1_0.blood_type,bb1_0.collected_at,bb1_0.component_type,bb1_0.created_at,bb1_0.discard_reason,bb1_0.expires_at,bb1_0.open_system,bb1_0.open_system_at,bb1_0.received_by,bb1_0.remarks,bb1_0.rh_type,bb1_0.serial_number,bb1_0.source,bb1_0.status,bb1_0.transaction_number,bb1_0.volume_ml from blood_bags bb1_0 where bb1_0.status=? and bb1_0.open_system=? and bb1_0.open_system_at<?
2026-05-29T23:00:00.123+08:00 DEBUG 5068 --- [blood_plus] [   scheduling-1] org.hibernate.SQL                        : update blood_bags bb1_0 set status='EXPIRED' where bb1_0.status='AVAILABLE' and bb1_0.expires_at<?
Expired blood bags updated: 0
2026-05-29T23:00:00.148+08:00 DEBUG 5068 --- [blood_plus] [   scheduling-1] org.hibernate.SQL                        : select bb1_0.id,bb1_0.blood_type,bb1_0.collected_at,bb1_0.component_type,bb1_0.created_at,bb1_0.discard_reason,bb1_0.expires_at,bb1_0.open_system,bb1_0.open_system_at,bb1_0.received_by,bb1_0.remarks,bb1_0.rh_type,bb1_0.serial_number,bb1_0.source,bb1_0.status,bb1_0.transaction_number,bb1_0.volume_ml from blood_bags bb1_0 where bb1_0.status=? and bb1_0.expires_at<?
2026-05-29T23:05:00.006+08:00 DEBUG 5068 --- [blood_plus] [   scheduling-1] org.hibernate.SQL                        : select bb1_0.id,bb1_0.blood_type,bb1_0.collected_at,bb1_0.component_type,bb1_0.created_at,bb1_0.discard_reason,bb1_0.expires_at,bb1_0.open_system,bb1_0.open_system_at,bb1_0.received_by,bb1_0.remarks,bb1_0.rh_type,bb1_0.serial_number,bb1_0.source,bb1_0.status,bb1_0.transaction_number,bb1_0.volume_ml from blood_bags bb1_0 where bb1_0.status=? and bb1_0.expires_at<?
2026-05-29T23:05:00.016+08:00 DEBUG 5068 --- [blood_plus] [   scheduling-1] org.hibernate.SQL                        : select bb1_0.id,bb1_0.blood_type,bb1_0.collected_at,bb1_0.component_type,bb1_0.created_at,bb1_0.discard_reason,bb1_0.expires_at,bb1_0.open_system,bb1_0.open_system_at,bb1_0.received_by,bb1_0.remarks,bb1_0.rh_type,bb1_0.serial_number,bb1_0.source,bb1_0.status,bb1_0.transaction_number,bb1_0.volume_ml from blood_bags bb1_0 where bb1_0.status=? and bb1_0.open_system=? and bb1_0.open_system_at<?
2026-05-29T23:10:00.003+08:00 DEBUG 5068 --- [blood_plus] [   scheduling-1] org.hibernate.SQL                        : select bb1_0.id,bb1_0.blood_type,bb1_0.collected_at,bb1_0.component_type,bb1_0.created_at,bb1_0.discard_reason,bb1_0.expires_at,bb1_0.open_system,bb1_0.open_system_at,bb1_0.received_by,bb1_0.remarks,bb1_0.rh_type,bb1_0.serial_number,bb1_0.source,bb1_0.status,bb1_0.transaction_number,bb1_0.volume_ml from blood_bags bb1_0 where bb1_0.status=? and bb1_0.open_system=? and bb1_0.open_system_at<?
2026-05-29T23:10:00.010+08:00 DEBUG 5068 --- [blood_plus] [   scheduling-1] org.hibernate.SQL                        : select bb1_0.id,bb1_0.blood_type,bb1_0.collected_at,bb1_0.component_type,bb1_0.created_at,bb1_0.discard_reason,bb1_0.expires_at,bb1_0.open_system,bb1_0.open_system_at,bb1_0.received_by,bb1_0.remarks,bb1_0.rh_type,bb1_0.serial_number,bb1_0.source,bb1_0.status,bb1_0.transaction_number,bb1_0.volume_ml from blood_bags bb1_0 where bb1_0.status=? and bb1_0.expires_at<?
2026-05-29T23:15:00.004+08:00 DEBUG 5068 --- [blood_plus] [   scheduling-1] org.hibernate.SQL                        : select bb1_0.id,bb1_0.blood_type,bb1_0.collected_at,bb1_0.component_type,bb1_0.created_at,bb1_0.discard_reason,bb1_0.expires_at,bb1_0.open_system,bb1_0.open_system_at,bb1_0.received_by,bb1_0.remarks,bb1_0.rh_type,bb1_0.serial_number,bb1_0.source,bb1_0.status,bb1_0.transaction_number,bb1_0.volume_ml from blood_bags bb1_0 where bb1_0.status=? and bb1_0.open_system=? and bb1_0.open_system_at<?
2026-05-29T23:15:00.013+08:00 DEBUG 5068 --- [blood_plus] [   scheduling-1] org.hibernate.SQL                        : select bb1_0.id,bb1_0.blood_type,bb1_0.collected_at,bb1_0.component_type,bb1_0.created_at,bb1_0.discard_reason,bb1_0.expires_at,bb1_0.open_system,bb1_0.open_system_at,bb1_0.received_by,bb1_0.remarks,bb1_0.rh_type,bb1_0.serial_number,bb1_0.source,bb1_0.status,bb1_0.transaction_number,bb1_0.volume_ml from blood_bags bb1_0 where bb1_0.status=? and bb1_0.expires_at<?
2026-05-30T00:39:23.452+08:00  WARN 5068 --- [blood_plus] [l-1:housekeeper] com.zaxxer.hikari.pool.HikariPool        : HikariPool-1 - Thread starvation or clock leap detected (housekeeper delta=1h24m14s923ms295µs200ns).
2026-05-30T00:44:05.611+08:00 DEBUG 5068 --- [blood_plus] [   scheduling-1] org.hibernate.SQL                        : select bb1_0.id,bb1_0.blood_type,bb1_0.collected_at,bb1_0.component_type,bb1_0.created_at,bb1_0.discard_reason,bb1_0.expires_at,bb1_0.open_system,bb1_0.open_system_at,bb1_0.received_by,bb1_0.remarks,bb1_0.rh_type,bb1_0.serial_number,bb1_0.source,bb1_0.status,bb1_0.transaction_number,bb1_0.volume_ml from blood_bags bb1_0 where bb1_0.status=? and bb1_0.expires_at<?
2026-05-30T00:44:05.620+08:00 DEBUG 5068 --- [blood_plus] [   scheduling-1] org.hibernate.SQL                        : select bb1_0.id,bb1_0.blood_type,bb1_0.collected_at,bb1_0.component_type,bb1_0.created_at,bb1_0.discard_reason,bb1_0.expires_at,bb1_0.open_system,bb1_0.open_system_at,bb1_0.received_by,bb1_0.remarks,bb1_0.rh_type,bb1_0.serial_number,bb1_0.source,bb1_0.status,bb1_0.transaction_number,bb1_0.volume_ml from blood_bags bb1_0 where bb1_0.status=? and bb1_0.open_system=? and bb1_0.open_system_at<?
2026-05-30T00:44:05.629+08:00 DEBUG 5068 --- [blood_plus] [   scheduling-1] org.hibernate.SQL                        : update blood_bags bb1_0 set status='EXPIRED' where bb1_0.status='AVAILABLE' and bb1_0.expires_at<?
Expired blood bags updated: 0
2026-05-30T00:45:00.000+08:00 DEBUG 5068 --- [blood_plus] [   scheduling-1] org.hibernate.SQL                        : select bb1_0.id,bb1_0.blood_type,bb1_0.collected_at,bb1_0.component_type,bb1_0.created_at,bb1_0.discard_reason,bb1_0.expires_at,bb1_0.open_system,bb1_0.open_system_at,bb1_0.received_by,bb1_0.remarks,bb1_0.rh_type,bb1_0.serial_number,bb1_0.source,bb1_0.status,bb1_0.transaction_number,bb1_0.volume_ml from blood_bags bb1_0 where bb1_0.status=? and bb1_0.expires_at<?
2026-05-30T00:45:00.009+08:00 DEBUG 5068 --- [blood_plus] [   scheduling-1] org.hibernate.SQL                        : select bb1_0.id,bb1_0.blood_type,bb1_0.collected_at,bb1_0.component_type,bb1_0.created_at,bb1_0.discard_reason,bb1_0.expires_at,bb1_0.open_system,bb1_0.open_system_at,bb1_0.received_by,bb1_0.remarks,bb1_0.rh_type,bb1_0.serial_number,bb1_0.source,bb1_0.status,bb1_0.transaction_number,bb1_0.volume_ml from blood_bags bb1_0 where bb1_0.status=? and bb1_0.open_system=? and bb1_0.open_system_at<?
2026-05-30T00:50:00.003+08:00 DEBUG 5068 --- [blood_plus] [   scheduling-1] org.hibernate.SQL                        : select bb1_0.id,bb1_0.blood_type,bb1_0.collected_at,bb1_0.component_type,bb1_0.created_at,bb1_0.discard_reason,bb1_0.expires_at,bb1_0.open_system,bb1_0.open_system_at,bb1_0.received_by,bb1_0.remarks,bb1_0.rh_type,bb1_0.serial_number,bb1_0.source,bb1_0.status,bb1_0.transaction_number,bb1_0.volume_ml from blood_bags bb1_0 where bb1_0.status=? and bb1_0.expires_at<?
2026-05-30T00:50:00.011+08:00 DEBUG 5068 --- [blood_plus] [   scheduling-1] org.hibernate.SQL                        : select bb1_0.id,bb1_0.blood_type,bb1_0.collected_at,bb1_0.component_type,bb1_0.created_at,bb1_0.discard_reason,bb1_0.expires_at,bb1_0.open_system,bb1_0.open_system_at,bb1_0.received_by,bb1_0.remarks,bb1_0.rh_type,bb1_0.serial_number,bb1_0.source,bb1_0.status,bb1_0.transaction_number,bb1_0.volume_ml from blood_bags bb1_0 where bb1_0.status=? and bb1_0.open_system=? and bb1_0.open_system_at<?
2026-05-30T00:55:00.003+08:00 DEBUG 5068 --- [blood_plus] [   scheduling-1] org.hibernate.SQL                        : select bb1_0.id,bb1_0.blood_type,bb1_0.collected_at,bb1_0.component_type,bb1_0.created_at,bb1_0.discard_reason,bb1_0.expires_at,bb1_0.open_system,bb1_0.open_system_at,bb1_0.received_by,bb1_0.remarks,bb1_0.rh_type,bb1_0.serial_number,bb1_0.source,bb1_0.status,bb1_0.transaction_number,bb1_0.volume_ml from blood_bags bb1_0 where bb1_0.status=? and bb1_0.open_system=? and bb1_0.open_system_at<?
2026-05-30T00:55:00.014+08:00 DEBUG 5068 --- [blood_plus] [   scheduling-1] org.hibernate.SQL                        : select bb1_0.id,bb1_0.blood_type,bb1_0.collected_at,bb1_0.component_type,bb1_0.created_at,bb1_0.discard_reason,bb1_0.expires_at,bb1_0.open_system,bb1_0.open_system_at,bb1_0.received_by,bb1_0.remarks,bb1_0.rh_type,bb1_0.serial_number,bb1_0.source,bb1_0.status,bb1_0.transaction_number,bb1_0.volume_ml from blood_bags bb1_0 where bb1_0.status=? and bb1_0.expires_at<?
2026-05-30T01:00:00.003+08:00 DEBUG 5068 --- [blood_plus] [   scheduling-1] org.hibernate.SQL                        : select bb1_0.id,bb1_0.blood_type,bb1_0.collected_at,bb1_0.component_type,bb1_0.created_at,bb1_0.discard_reason,bb1_0.expires_at,bb1_0.open_system,bb1_0.open_system_at,bb1_0.received_by,bb1_0.remarks,bb1_0.rh_type,bb1_0.serial_number,bb1_0.source,bb1_0.status,bb1_0.transaction_number,bb1_0.volume_ml from blood_bags bb1_0 where bb1_0.status=? and bb1_0.expires_at<?
2026-05-30T01:00:00.018+08:00 DEBUG 5068 --- [blood_plus] [   scheduling-1] org.hibernate.SQL                        : update blood_bags bb1_0 set status='EXPIRED' where bb1_0.status='AVAILABLE' and bb1_0.expires_at<?
Expired blood bags updated: 0
2026-05-30T01:00:00.041+08:00 DEBUG 5068 --- [blood_plus] [   scheduling-1] org.hibernate.SQL                        : select bb1_0.id,bb1_0.blood_type,bb1_0.collected_at,bb1_0.component_type,bb1_0.created_at,bb1_0.discard_reason,bb1_0.expires_at,bb1_0.open_system,bb1_0.open_system_at,bb1_0.received_by,bb1_0.remarks,bb1_0.rh_type,bb1_0.serial_number,bb1_0.source,bb1_0.status,bb1_0.transaction_number,bb1_0.volume_ml from blood_bags bb1_0 where bb1_0.status=? and bb1_0.open_system=? and bb1_0.open_system_at<?
